"prediction_8226","real_1073","0.85"
"prediction_9414","real_2901","0.85"
"prediction_278","real_837","1.0"
"prediction_508","real_1217","1.0"
"prediction_390","real_712","1.0"
"prediction_8168","real_3153","0.85"
"prediction_8044","real_3015","1.0"
"prediction_8231","real_1068","0.85"
"prediction_9052","real_1571","1.0"
"prediction_9419","real_2900","0.85"
"prediction_9134","real_1409","0.85"
"prediction_393","real_711","1.0"
"prediction_8232","real_1065","0.85"
"prediction_9100","real_4138","1.0"
"prediction_1304","real_3994","0.85"
"prediction_7546","real_1783","0.85"
"prediction_519","real_1227","1.0"
"prediction_1806","real_3390","0.85"
"prediction_8711","real_586","1.0"
"prediction_348","real_905","0.85"
"prediction_620","real_353","0.85"
"prediction_7804","real_4312","0.85"
"prediction_8504","real_2309","1.0"
"prediction_7376","real_3509","0.85"
"prediction_513","real_1223","1.0"
"prediction_8162","real_3160","0.85"
"prediction_419","real_3544","1.0"
"prediction_523","real_1239","1.0"
"prediction_8171","real_3152","0.85"
"prediction_9106","real_4143","1.0"
"prediction_414","real_3543","1.0"
"prediction_2242","real_1081","0.85"
"prediction_5470","real_3359","0.7333333333333333"
"prediction_9041","real_1574","1.0"
"prediction_10309","real_2705","0.85"
"prediction_8048","real_3020","1.0"
"prediction_6987","real_1023","0.85"
"prediction_395","real_718","1.0"
"prediction_506","real_1218","1.0"
"prediction_7081","real_2022","0.85"
"prediction_6735","real_4403","0.85"
"prediction_9053","real_1581","1.0"
"prediction_8708","real_584","1.0"
"prediction_169","real_733","0.85"
"prediction_8227","real_1062","0.85"
"prediction_8139","real_3133","0.85"
"prediction_6989","real_1026","0.85"
"prediction_8047","real_3028","1.0"
"prediction_8705","real_580","1.0"
"prediction_8223","real_1063","0.85"
"prediction_399","real_709","1.0"
"prediction_3210","real_3913","0.85"
"prediction_8234","real_1076","0.85"
"prediction_8224","real_1066","0.85"
"prediction_8384","real_2171","0.85"
"prediction_8702","real_581","1.0"
"prediction_10365","real_4074","0.85"
"prediction_410","real_3527","1.0"
"prediction_8041","real_3026","1.0"
"prediction_8883","real_211","0.85"
"prediction_629","real_361","0.85"
"prediction_8814","real_4181","0.85"
"prediction_9059","real_1575","1.0"
"prediction_8229","real_1064","0.85"
"prediction_553","real_3417","0.85"
"prediction_7445","real_3851","0.85"
"prediction_6659","real_3119","0.85"
"prediction_8512","real_2308","1.0"
"prediction_9105","real_4155","1.0"
"prediction_2169","real_884","0.85"
"prediction_504","real_1221","0.875"
"prediction_7947","real_2051","0.85"
"prediction_7097","real_2025","0.85"
"prediction_392","real_705","1.0"
"prediction_8166","real_3158","0.85"
"prediction_8049","real_3035","1.0"
"prediction_8533","real_2585","0.85"
"prediction_6809","real_3535","0.85"
"prediction_1282","real_2497","0.85"
"prediction_7982","real_1983","0.85"
"prediction_397","real_704","1.0"
"prediction_8639","real_2426","0.85"
"prediction_296","real_830","1.0"
"prediction_1402","real_1897","0.85"
"prediction_639","real_1328","0.85"
"prediction_7088","real_2033","0.85"
"prediction_627","real_2305","0.85"
"prediction_7940","real_3036","1.0"
"prediction_295","real_835","1.0"
"prediction_10085","real_3671","0.85"
"prediction_7959","real_3016","0.85"
"prediction_290","real_836","1.0"
"prediction_7089","real_2031","0.85"
"prediction_416","real_3529","0.875"
"prediction_8804","real_2609","0.85"
"prediction_10174","real_349","0.85"
"prediction_3269","real_1314","0.85"
"prediction_8199","real_3199","0.85"
"prediction_7093","real_928","0.85"
"prediction_1737","real_2949","1.0"
"prediction_425","real_3531","1.0"
"prediction_9323","real_842","0.85"
"prediction_422","real_3530","1.0"
"prediction_7084","real_2027","0.85"
"prediction_423","real_3533","1.0"
"prediction_9076","real_3766","0.85"
"prediction_9110","real_1401","0.85"
"prediction_7072","real_2037","0.85"
"prediction_5645","real_1596","0.85"
"prediction_285","real_832","1.0"
"prediction_1744","real_2947","1.0"
"prediction_7086","real_2041","0.85"
"prediction_396","real_728","1.0"
"prediction_8169","real_3140","0.85"
"prediction_6993","real_1017","0.85"
"prediction_7698","real_3869","0.85"
"prediction_394","real_722","1.0"
"prediction_2451","real_2240","0.85"
"prediction_4855","real_1741","0.85"
"prediction_9952","real_139","0.85"
"prediction_7075","real_2034","0.85"
"prediction_6775","real_1905","0.85"
"prediction_7085","real_2047","0.85"
"prediction_9308","real_3393","0.85"
"prediction_619","real_2303","0.85"
"prediction_9036","real_1580","1.0"
"prediction_615","real_2301","0.85"
"prediction_9911","real_1597","0.85"
"prediction_283","real_834","1.0"
"prediction_613","real_2302","0.85"
"prediction_7006","real_1001","0.85"
"prediction_420","real_391","0.85"
"prediction_9750","real_3578","0.85"
"prediction_421","real_3539","1.0"
"prediction_8155","real_1841","0.85"
"prediction_8240","real_1061","0.85"
"prediction_3591","real_887","0.85"
"prediction_408","real_3541","1.0"
"prediction_413","real_3536","1.0"
"prediction_7001","real_1005","0.85"
"prediction_10331","real_2723","0.85"
"prediction_417","real_3537","1.0"
"prediction_415","real_3538","0.7"
"prediction_429","real_3524","1.0"
"prediction_424","real_3528","1.0"
"prediction_4602","real_3071","0.85"
"prediction_8172","real_3143","0.85"
"prediction_1740","real_2944","0.875"
"prediction_427","real_3523","1.0"
"prediction_7087","real_2038","0.85"
"prediction_7080","real_2030","0.85"
"prediction_6997","real_1022","0.85"
"prediction_9128","real_1408","0.7333333333333333"
"prediction_2805","real_2857","0.85"
"prediction_9058","real_1551","0.725"
"prediction_6792","real_3496","0.95"
"prediction_8078","real_3956","1.0"
"prediction_1429","real_1497","0.8875"
"prediction_8023","real_2002","0.85"
"prediction_287","real_820","1.0"
"prediction_9682","real_931","0.85"
"prediction_8074","real_3954","1.0"
"prediction_10037","real_3855","1.0"
"prediction_10163","real_2514","0.85"
"prediction_1819","real_3389","0.85"
"prediction_8082","real_3948","1.0"
"prediction_8087","real_3944","1.0"
"prediction_2474","real_2055","0.85"
"prediction_10204","real_1616","0.85"
"prediction_3663","real_2018","0.85"
"prediction_10038","real_3859","1.0"
"prediction_281","real_824","1.0"
"prediction_9155","real_2683","0.85"
"prediction_1208","real_450","0.85"
"prediction_7005","real_1016","0.85"
"prediction_9796","real_870","0.85"
"prediction_609","real_2304","0.85"
"prediction_1831","real_3368","0.85"
"prediction_284","real_821","1.0"
"prediction_10198","real_2104","1.0"
"prediction_9070","real_1559","0.85"
"prediction_9039","real_1591","1.0"
"prediction_8097","real_1997","1.0"
"prediction_8887","real_2886","0.85"
"prediction_2762","real_2777","0.85"
"prediction_6747","real_1263","0.85"
"prediction_2162","real_2851","0.85"
"prediction_1110","real_3308","0.85"
"prediction_4674","real_3752","0.85"
"prediction_1780","real_2951","1.0"
"prediction_1109","real_3314","0.85"
"prediction_1777","real_2962","1.0"
"prediction_1833","real_3377","0.85"
"prediction_292","real_815","1.0"
"prediction_10094","real_1232","0.85"
"prediction_386","real_720","1.0"
"prediction_8083","real_3945","1.0"
"prediction_6994","real_1011","0.85"
"prediction_388","real_721","1.0"
"prediction_1822","real_3388","0.85"
"prediction_9793","real_867","0.85"
"prediction_389","real_727","1.0"
"prediction_9174","real_2698","0.85"
"prediction_1103","real_3313","0.85"
"prediction_289","real_827","1.0"
"prediction_5640","real_333","0.85"
"prediction_1147","real_3532","0.85"
"prediction_8666","real_3431","0.85"
"prediction_1273","real_2455","0.85"
"prediction_1768","real_2934","1.0"
"prediction_1456","real_2620","0.85"
"prediction_9150","real_228","0.85"
"prediction_3666","real_2021","0.85"
"prediction_2077","real_751","0.85"
"prediction_1120","real_3331","0.85"
"prediction_1404","real_1881","0.85"
"prediction_10335","real_505","1.0"
"prediction_9082","real_1556","0.85"
"prediction_9540","real_1192","0.85"
"prediction_9402","real_1717","1.0"
"prediction_583","real_3650","1.0"
"prediction_9680","real_924","0.85"
"prediction_9670","real_935","0.85"
"prediction_8236","real_2064","0.85"
"prediction_1401","real_1886","0.85"
"prediction_9074","real_1561","0.85"
"prediction_8075","real_3946","1.0"
"prediction_9522","real_4100","1.0"
"prediction_9176","real_2695","0.85"
"prediction_2017","real_951","0.85"
"prediction_3366","real_4397","0.85"
"prediction_1119","real_3312","0.85"
"prediction_9784","real_866","0.85"
"prediction_9062","real_1549","0.85"
"prediction_2269","real_1077","0.85"
"prediction_9999","real_3548","0.85"
"prediction_1102","real_3309","0.85"
"prediction_1770","real_2956","1.0"
"prediction_352","real_4221","1.0"
"prediction_9164","real_2679","0.85"
"prediction_10041","real_3852","1.0"
"prediction_353","real_4222","1.0"
"prediction_282","real_817","1.0"
"prediction_9781","real_864","0.85"
"prediction_626","real_314","0.875"
"prediction_1122","real_3324","0.85"
"prediction_10107","real_366","0.85"
"prediction_1830","real_3383","0.85"
"prediction_9678","real_933","0.85"
"prediction_9788","real_868","0.85"
"prediction_9075","real_1555","0.85"
"prediction_8081","real_3953","1.0"
"prediction_1829","real_3378","0.85"
"prediction_288","real_819","1.0"
"prediction_10045","real_3849","1.0"
"prediction_641","real_308","1.0"
"prediction_590","real_3651","1.0"
"prediction_1818","real_3366","0.85"
"prediction_9080","real_1564","0.85"
"prediction_9172","real_2682","0.85"
"prediction_595","real_3656","0.875"
"prediction_9980","real_3558","0.85"
"prediction_6753","real_1979","0.85"
"prediction_1769","real_2955","1.0"
"prediction_8882","real_209","0.85"
"prediction_276","real_814","1.0"
"prediction_10036","real_3835","1.0"
"prediction_520","real_3460","0.85"
"prediction_9275","real_1725","0.85"
"prediction_3230","real_775","0.85"
"prediction_8885","real_204","0.85"
"prediction_7879","real_3805","0.85"
"prediction_361","real_4235","1.0"
"prediction_591","real_3659","1.0"
"prediction_6131","real_2939","0.85"
"prediction_1118","real_3330","0.85"
"prediction_10043","real_3840","1.0"
"prediction_9166","real_2691","0.85"
"prediction_8345","real_1368","0.85"
"prediction_1409","real_1491","0.91"
"prediction_9775","real_863","0.85"
"prediction_2172","real_2865","0.85"
"prediction_1117","real_3322","0.85"
"prediction_356","real_4230","1.0"
"prediction_1106","real_3333","0.85"
"prediction_9163","real_2689","0.85"
"prediction_1104","real_3332","0.85"
"prediction_5934","real_4133","0.85"
"prediction_589","real_3652","0.875"
"prediction_1767","real_2952","1.0"
"prediction_8888","real_207","0.85"
"prediction_9078","real_1567","0.85"
"prediction_2034","real_2749","1.0"
"prediction_1101","real_3335","0.85"
"prediction_9063","real_1576","1.0"
"prediction_6959","real_1013","0.85"
"prediction_9180","real_230","0.725"
"prediction_9173","real_2674","0.85"
"prediction_970","real_1496","0.85"
"prediction_9040","real_1590","1.0"
"prediction_8065","real_3959","1.0"
"prediction_269","real_816","1.0"
"prediction_582","real_3678","0.85"
"prediction_6937","real_3472","0.95"
"prediction_387","real_719","1.0"
"prediction_9044","real_1595","1.0"
"prediction_384","real_714","1.0"
"prediction_9200","real_1787","0.85"
"prediction_8067","real_3952","1.0"
"prediction_643","real_317","0.8833333333333333"
"prediction_9050","real_1589","1.0"
"prediction_592","real_3666","1.0"
"prediction_645","real_318","1.0"
"prediction_9042","real_1594","1.0"
"prediction_9261","real_1726","1.0"
"prediction_9071","real_1565","0.85"
"prediction_1418","real_1494","0.8875"
"prediction_1775","real_2937","1.0"
"prediction_6988","real_1008","0.85"
"prediction_9049","real_1593","1.0"
"prediction_1142","real_3316","0.85"
"prediction_783","real_2266","0.85"
"prediction_362","real_4224","1.0"
"prediction_644","real_316","1.0"
"prediction_237","real_3149","0.85"
"prediction_9681","real_940","0.85"
"prediction_7887","real_3804","0.85"
"prediction_10039","real_3842","1.0"
"prediction_782","real_2264","0.85"
"prediction_578","real_296","1.0"
"prediction_8348","real_1384","0.85"
"prediction_3684","real_936","0.85"
"prediction_3489","real_4012","0.85"
"prediction_1125","real_3307","0.85"
"prediction_2175","real_2873","0.85"
"prediction_351","real_4241","1.0"
"prediction_1100","real_3329","0.85"
"prediction_360","real_4225","1.0"
"prediction_7070","real_1965","0.85"
"prediction_9511","real_4101","1.0"
"prediction_1105","real_3323","0.85"
"prediction_1108","real_3325","0.85"
"prediction_635","real_304","1.0"
"prediction_1815","real_3380","0.85"
"prediction_1766","real_2960","1.0"
"prediction_9898","real_1705","0.85"
"prediction_10048","real_3839","1.0"
"prediction_1426","real_1495","0.8875"
"prediction_1420","real_1498","0.8875"
"prediction_359","real_4242","1.0"
"prediction_9225","real_797","0.85"
"prediction_1817","real_3387","0.85"
"prediction_636","real_309","1.0"
"prediction_9081","real_1584","0.85"
"prediction_598","real_3654","1.0"
"prediction_9066","real_1562","0.85"
"prediction_277","real_829","1.0"
"prediction_5792","real_3470","0.85"
"prediction_512","real_2628","0.85"
"prediction_8721","real_2708","1.0"
"prediction_678","real_823","0.85"
"prediction_1904","real_2484","0.85"
"prediction_7119","real_2994","0.85"
"prediction_8064","real_3968","1.0"
"prediction_10098","real_1946","1.0"
"prediction_1457","real_660","1.0"
"prediction_548","real_2293","0.85"
"prediction_780","real_2271","0.85"
"prediction_338","real_4223","1.0"
"prediction_8841","real_1856","0.85"
"prediction_2068","real_3729","0.85"
"prediction_1451","real_661","1.0"
"prediction_8367","real_1375","0.85"
"prediction_2716","real_513","0.85"
"prediction_341","real_4236","1.0"
"prediction_8848","real_1855","0.85"
"prediction_8863","real_1872","0.85"
"prediction_7417","real_2688","0.85"
"prediction_6832","real_3108","0.85"
"prediction_2057","real_3731","0.85"
"prediction_7434","real_893","0.85"
"prediction_2043","real_2756","1.0"
"prediction_344","real_4245","1.0"
"prediction_1448","real_649","1.0"
"prediction_2124","real_2378","1.0"
"prediction_345","real_4243","1.0"
"prediction_1450","real_658","1.0"
"prediction_2035","real_2765","1.0"
"prediction_1881","real_2412","0.75"
"prediction_2033","real_2761","1.0"
"prediction_1460","real_664","1.0"
"prediction_2061","real_3721","0.85"
"prediction_1453","real_656","1.0"
"prediction_6940","real_3485","0.95"
"prediction_5222","real_2312","0.85"
"prediction_7066","real_1967","0.85"
"prediction_9660","real_3418","0.85"
"prediction_1438","real_1890","0.85"
"prediction_7053","real_1970","0.85"
"prediction_9851","real_3275","0.85"
"prediction_10099","real_1944","1.0"
"prediction_2042","real_2754","1.0"
"prediction_1458","real_651","1.0"
"prediction_1910","real_2466","0.85"
"prediction_6847","real_3124","0.85"
"prediction_1885","real_2408","1.0"
"prediction_10089","real_1925","1.0"
"prediction_8261","real_1289","0.85"
"prediction_9580","real_449","0.85"
"prediction_8159","real_3598","0.85"
"prediction_10095","real_1959","1.0"
"prediction_8853","real_1870","0.85"
"prediction_8856","real_1874","0.85"
"prediction_8849","real_1864","0.85"
"prediction_7637","real_3601","0.85"
"prediction_8847","real_1866","0.85"
"prediction_3715","real_3137","0.85"
"prediction_5920","real_3620","0.85"
"prediction_2037","real_2752","1.0"
"prediction_343","real_4232","1.0"
"prediction_2044","real_2768","1.0"
"prediction_7052","real_1964","0.85"
"prediction_8634","real_3813","0.85"
"prediction_3744","real_2579","0.85"
"prediction_2032","real_2757","1.0"
"prediction_9849","real_1943","0.85"
"prediction_2052","real_3720","0.85"
"prediction_340","real_4234","1.0"
"prediction_7941","real_2226","0.85"
"prediction_8748","real_2717","0.85"
"prediction_8161","real_3594","0.85"
"prediction_1905","real_2468","0.85"
"prediction_1916","real_2479","0.85"
"prediction_10240","real_886","0.85"
"prediction_8160","real_3593","0.85"
"prediction_2041","real_2766","1.0"
"prediction_6836","real_3122","0.85"
"prediction_6834","real_3120","0.85"
"prediction_10097","real_1950","1.0"
"prediction_10096","real_1952","1.0"
"prediction_8449","real_3001","0.85"
"prediction_6842","real_3130","0.85"
"prediction_6992","real_706","0.85"
"prediction_8086","real_3969","1.0"
"prediction_8145","real_3599","0.85"
"prediction_7100","real_3091","0.85"
"prediction_9586","real_457","0.85"
"prediction_9929","real_3922","0.85"
"prediction_8866","real_1857","0.85"
"prediction_9135","real_2676","0.85"
"prediction_8868","real_1851","0.85"
"prediction_7998","real_336","0.85"
"prediction_373","real_279","0.85"
"prediction_7996","real_335","0.85"
"prediction_7850","real_3606","0.85"
"prediction_8085","real_3960","1.0"
"prediction_8084","real_3961","1.0"
"prediction_7107","real_3095","0.85"
"prediction_2030","real_3735","0.85"
"prediction_8736","real_750","1.0"
"prediction_7222","real_4186","0.85"
"prediction_7997","real_344","0.85"
"prediction_9588","real_465","0.85"
"prediction_7105","real_3097","0.85"
"prediction_5001","real_2133","0.85"
"prediction_7009","real_950","0.85"
"prediction_9992","real_1837","0.85"
"prediction_9585","real_466","0.85"
"prediction_8738","real_758","1.0"
"prediction_8713","real_513","0.85"
"prediction_9685","real_919","0.85"
"prediction_964","real_1882","0.85"
"prediction_8126","real_3522","0.85"
"prediction_8152","real_3597","0.85"
"prediction_7844","real_1148","0.85"
"prediction_8322","real_603","0.85"
"prediction_8857","real_1858","0.85"
"prediction_9583","real_467","0.85"
"prediction_8717","real_2702","1.0"
"prediction_6952","real_3478","0.95"
"prediction_6953","real_3479","0.95"
"prediction_6801","real_3107","0.85"
"prediction_7101","real_3080","0.85"
"prediction_8732","real_747","1.0"
"prediction_7129","real_3101","0.85"
"prediction_6949","real_3486","0.95"
"prediction_7992","real_327","0.85"
"prediction_8079","real_3966","1.0"
"prediction_8714","real_2701","1.0"
"prediction_8859","real_1852","0.85"
"prediction_7995","real_329","0.85"
"prediction_8867","real_1863","0.85"
"prediction_8733","real_744","1.0"
"prediction_6719","real_1968","0.85"
"prediction_6798","real_2256","0.85"
"prediction_7999","real_331","0.85"
"prediction_3279","real_3911","0.85"
"prediction_8862","real_1862","0.85"
"prediction_2038","real_2773","1.0"
"prediction_9117","real_2694","0.85"
"prediction_8861","real_1860","0.85"
"prediction_10010","real_412","1.0"
"prediction_1540","real_517","0.85"
"prediction_7046","real_1971","0.85"
"prediction_9592","real_461","0.85"
"prediction_9651","real_271","0.85"
"prediction_2046","real_3736","0.85"
"prediction_9596","real_464","0.85"
"prediction_8071","real_3965","1.0"
"prediction_2086","real_2565","0.85"
"prediction_8737","real_749","1.0"
"prediction_2049","real_3738","0.85"
"prediction_1346","real_2715","0.85"
"prediction_8718","real_2705","1.0"
"prediction_577","real_4229","0.85"
"prediction_1341","real_503","1.0"
"prediction_8244","real_1059","0.85"
"prediction_10070","real_1709","0.85"
"prediction_1354","real_516","1.0"
"prediction_667","real_2191","1.0"
"prediction_662","real_2196","1.0"
"prediction_8706","real_2720","1.0"
"prediction_8746","real_745","1.0"
"prediction_9810","real_3265","0.85"
"prediction_3351","real_1695","0.85"
"prediction_1340","real_506","1.0"
"prediction_668","real_2194","1.0"
"prediction_2759","real_509","0.85"
"prediction_7242","real_2824","0.85"
"prediction_9602","real_938","0.85"
"prediction_9645","real_3432","0.85"
"prediction_6099","real_1879","0.85"
"prediction_1548","real_539","0.85"
"prediction_656","real_2189","0.875"
"prediction_669","real_2199","1.0"
"prediction_2801","real_2643","0.85"
"prediction_2800","real_2646","0.85"
"prediction_1358","real_512","1.0"
"prediction_304","real_726","0.85"
"prediction_2142","real_2343","1.0"
"prediction_1542","real_527","0.85"
"prediction_1348","real_500","1.0"
"prediction_1782","real_3725","0.85"
"prediction_2141","real_2345","1.0"
"prediction_2143","real_2347","1.0"
"prediction_1249","real_4204","0.85"
"prediction_2099","real_2526","0.85"
"prediction_2202","real_956","0.85"
"prediction_8713","real_2715","1.0"
"prediction_8710","real_2712","1.0"
"prediction_10001","real_415","1.0"
"prediction_1462","real_2805","0.85"
"prediction_7524","real_4074","0.85"
"prediction_1357","real_515","1.0"
"prediction_1463","real_2801","0.85"
"prediction_1345","real_501","1.0"
"prediction_8987","real_2993","0.85"
"prediction_1352","real_504","1.0"
"prediction_657","real_2198","1.0"
"prediction_8177","real_1138","0.85"
"prediction_9666","real_902","0.85"
"prediction_1848","real_1457","0.85"
"prediction_9652","real_911","0.85"
"prediction_9768","real_3569","1.0"
"prediction_2148","real_2339","0.875"
"prediction_1547","real_520","0.85"
"prediction_661","real_2187","1.0"
"prediction_1355","real_508","1.0"
"prediction_10090","real_1912","1.0"
"prediction_2147","real_2335","1.0"
"prediction_10188","real_4347","0.85"
"prediction_1546","real_529","0.85"
"prediction_9978","real_2145","0.85"
"prediction_8211","real_2048","0.85"
"prediction_10073","real_4240","0.85"
"prediction_2156","real_2354","1.0"
"prediction_2140","real_2336","1.0"
"prediction_1541","real_537","0.85"
"prediction_9002","real_1563","0.85"
"prediction_6955","real_1977","0.85"
"prediction_1551","real_526","0.85"
"prediction_6309","real_3429","0.85"
"prediction_7115","real_3072","0.85"
"prediction_9197","real_894","0.85"
"prediction_7108","real_3069","0.85"
"prediction_2011","real_3419","0.85"
"prediction_7116","real_3078","0.85"
"prediction_6800","real_3132","0.85"
"prediction_9883","real_3254","0.85"
"prediction_1346","real_513","1.0"
"prediction_9826","real_1700","1.0"
"prediction_659","real_2197","1.0"
"prediction_1552","real_521","0.85"
"prediction_1447","real_671","1.0"
"prediction_9048","real_1519","0.85"
"prediction_7969","real_262","0.85"
"prediction_10024","real_1620","0.85"
"prediction_1876","real_2401","1.0"
"prediction_1856","real_3639","0.85"
"prediction_1879","real_2407","1.0"
"prediction_2136","real_2338","1.0"
"prediction_2716","real_2715","0.85"
"prediction_2132","real_2340","1.0"
"prediction_2125","real_1136","0.85"
"prediction_8228","real_1055","0.85"
"prediction_9772","real_2118","0.85"
"prediction_1865","real_2410","1.0"
"prediction_9811","real_1704","1.0"
"prediction_398","real_2204","0.85"
"prediction_8945","real_1558","0.85"
"prediction_294","real_394","0.85"
"prediction_9017","real_1543","0.85"
"prediction_9841","real_949","0.85"
"prediction_2129","real_2351","1.0"
"prediction_8900","real_1587","0.85"
"prediction_7870","real_249","0.85"
"prediction_1483","real_2806","0.85"
"prediction_6835","real_3131","0.85"
"prediction_6829","real_3128","0.85"
"prediction_7306","real_2734","0.85"
"prediction_1412","real_676","0.85"
"prediction_9032","real_2991","0.85"
"prediction_771","real_628","0.85"
"prediction_9009","real_1547","0.85"
"prediction_9876","real_3217","0.85"
"prediction_1558","real_536","0.725"
"prediction_7971","real_259","0.85"
"prediction_1446","real_662","1.0"
"prediction_8060","real_3513","0.85"
"prediction_521","real_984","0.85"
"prediction_8723","real_2713","1.0"
"prediction_579","real_2299","0.85"
"prediction_1559","real_531","0.85"
"prediction_1999","real_3749","0.85"
"prediction_1869","real_2406","1.0"
"prediction_9659","real_3436","0.85"
"prediction_7112","real_1990","0.85"
"prediction_8230","real_1051","0.85"
"prediction_364","real_3455","0.85"
"prediction_8966","real_2735","0.85"
"prediction_8235","real_1057","0.85"
"prediction_2137","real_2346","1.0"
"prediction_1455","real_650","0.875"
"prediction_1557","real_538","0.85"
"prediction_1440","real_653","1.0"
"prediction_9812","real_1711","1.0"
"prediction_9656","real_2495","0.85"
"prediction_671","real_2190","1.0"
"prediction_7972","real_264","0.85"
"prediction_1445","real_659","1.0"
"prediction_2051","real_3747","0.85"
"prediction_581","real_1929","0.85"
"prediction_580","real_2294","0.85"
"prediction_2128","real_2341","1.0"
"prediction_7974","real_263","0.85"
"prediction_2803","real_2638","0.85"
"prediction_7975","real_261","0.85"
"prediction_1478","real_2804","0.85"
"prediction_6843","real_3110","0.85"
"prediction_1452","real_648","1.0"
"prediction_8727","real_2717","1.0"
"prediction_8725","real_2719","1.0"
"prediction_1863","real_2409","1.0"
"prediction_2053","real_3741","0.85"
"prediction_10009","real_401","1.0"
"prediction_1449","real_655","1.0"
"prediction_2196","real_3889","0.85"
"prediction_1470","real_2800","0.85"
"prediction_9508","real_4082","1.0"
"prediction_1936","real_3880","1.0"
"prediction_9626","real_2864","0.85"
"prediction_1296","real_678","1.0"
"prediction_9833","real_643","1.0"
"prediction_9623","real_2866","0.85"
"prediction_9837","real_642","1.0"
"prediction_9752","real_2733","0.85"
"prediction_10416","real_2456","1.0"
"prediction_9627","real_2867","0.85"
"prediction_9753","real_2732","0.85"
"prediction_7979","real_248","0.85"
"prediction_10415","real_2453","1.0"
"prediction_10029","real_1957","0.85"
"prediction_2003","real_1461","0.85"
"prediction_3494","real_1151","0.85"
"prediction_9745","real_2745","0.85"
"prediction_2154","real_2561","0.85"
"prediction_4694","real_812","0.85"
"prediction_7977","real_251","0.85"
"prediction_8608","real_3240","0.85"
"prediction_8603","real_3238","0.85"
"prediction_8767","real_4105","0.9"
"prediction_9158","real_2019","0.85"
"prediction_2009","real_1460","0.85"
"prediction_9694","real_242","0.85"
"prediction_9509","real_4088","0.85"
"prediction_9577","real_1349","0.85"
"prediction_1283","real_674","1.0"
"prediction_10019","real_3268","1.0"
"prediction_1297","real_683","1.0"
"prediction_4819","real_2408","0.85"
"prediction_9506","real_4089","1.0"
"prediction_9501","real_4084","1.0"
"prediction_7973","real_250","0.85"
"prediction_1289","real_672","0.8875"
"prediction_1295","real_682","1.0"
"prediction_1934","real_3871","1.0"
"prediction_1926","real_3887","1.0"
"prediction_9096","real_4376","0.85"
"prediction_9839","real_638","1.0"
"prediction_1931","real_3873","1.0"
"prediction_9800","real_888","0.85"
"prediction_2116","real_2523","0.85"
"prediction_9948","real_3052","0.85"
"prediction_2122","real_2539","0.85"
"prediction_8773","real_4379","0.85"
"prediction_4580","real_2039","0.85"
"prediction_9825","real_645","1.0"
"prediction_9755","real_2740","0.85"
"prediction_9629","real_2872","0.85"
"prediction_1406","real_1906","0.85"
"prediction_10192","real_2098","0.8833333333333333"
"prediction_9333","real_276","0.85"
"prediction_8175","real_3510","0.85"
"prediction_2214","real_2625","0.85"
"prediction_9830","real_637","1.0"
"prediction_9624","real_2874","0.85"
"prediction_2118","real_2529","0.85"
"prediction_2110","real_2521","0.85"
"prediction_9803","real_884","0.85"
"prediction_8792","real_747","0.85"
"prediction_8165","real_3505","0.85"
"prediction_1407","real_1903","0.85"
"prediction_9332","real_272","0.85"
"prediction_9939","real_760","0.85"
"prediction_8998","real_4324","0.85"
"prediction_9634","real_2881","0.85"
"prediction_5702","real_1079","0.7333333333333333"
"prediction_1915","real_3868","1.0"
"prediction_1928","real_3879","1.0"
"prediction_6950","real_647","0.85"
"prediction_6061","real_970","0.85"
"prediction_10022","real_3266","1.0"
"prediction_1752","real_3303","0.85"
"prediction_1751","real_3302","0.85"
"prediction_1918","real_3862","1.0"
"prediction_7968","real_256","0.85"
"prediction_1755","real_3304","0.85"
"prediction_1299","real_693","1.0"
"prediction_8405","real_4124","0.85"
"prediction_2102","real_2519","0.85"
"prediction_1927","real_3876","1.0"
"prediction_7841","real_2568","1.0"
"prediction_10322","real_3306","0.85"
"prediction_10199","real_2099","0.875"
"prediction_10197","real_2093","1.0"
"prediction_9720","real_4039","0.85"
"prediction_9579","real_371","0.85"
"prediction_9523","real_4090","1.0"
"prediction_1371","real_3907","0.85"
"prediction_9740","real_2724","0.85"
"prediction_1361","real_507","1.0"
"prediction_1281","real_684","1.0"
"prediction_9838","real_627","1.0"
"prediction_9527","real_2505","0.85"
"prediction_1375","real_3905","0.85"
"prediction_9514","real_4091","1.0"
"prediction_1377","real_3909","0.85"
"prediction_9647","real_2642","0.85"
"prediction_9281","real_2177","1.0"
"prediction_6901","real_966","0.85"
"prediction_3474","real_1370","0.85"
"prediction_4614","real_2589","0.85"
"prediction_9690","real_219","0.85"
"prediction_2018","real_1464","0.85"
"prediction_9831","real_629","1.0"
"prediction_8513","real_3394","0.85"
"prediction_10031","real_3267","1.0"
"prediction_9744","real_2727","0.85"
"prediction_9632","real_458","0.85"
"prediction_8604","real_2005","0.85"
"prediction_9840","real_624","1.0"
"prediction_9047","real_4303","0.85"
"prediction_9693","real_222","0.85"
"prediction_6092","real_3263","0.85"
"prediction_9324","real_284","0.85"
"prediction_7008","real_646","0.85"
"prediction_7878","real_266","0.85"
"prediction_1285","real_695","1.0"
"prediction_6687","real_3755","0.85"
"prediction_9328","real_289","0.85"
"prediction_3814","real_615","0.85"
"prediction_649","real_2195","1.0"
"prediction_1292","real_680","1.0"
"prediction_1947","real_2672","0.85"
"prediction_10412","real_2209","1.0"
"prediction_1372","real_3917","0.85"
"prediction_9127","real_3208","0.85"
"prediction_6885","real_2518","0.85"
"prediction_1362","real_510","0.85"
"prediction_1370","real_502","0.85"
"prediction_9757","real_2726","0.85"
"prediction_1365","real_3908","0.85"
"prediction_9285","real_2169","1.0"
"prediction_8758","real_4111","0.9"
"prediction_10195","real_784","0.85"
"prediction_5657","real_1744","0.85"
"prediction_8600","real_3233","0.85"
"prediction_9282","real_2167","1.0"
"prediction_9696","real_224","0.85"
"prediction_7988","real_1131","0.85"
"prediction_3173","real_1078","0.85"
"prediction_10042","real_3259","1.0"
"prediction_7548","real_2373","0.85"
"prediction_8756","real_4104","0.9"
"prediction_9329","real_294","0.85"
"prediction_2150","real_2541","0.85"
"prediction_8170","real_346","0.85"
"prediction_1284","real_686","1.0"
"prediction_771","real_1943","0.85"
"prediction_1294","real_677","1.0"
"prediction_8416","real_633","0.85"
"prediction_1368","real_3902","0.85"
"prediction_529","real_1621","0.85"
"prediction_9507","real_4098","1.0"
"prediction_5402","real_4280","0.85"
"prediction_9421","real_2892","0.85"
"prediction_8814","real_3686","0.85"
"prediction_2300","real_756","0.85"
"prediction_10093","real_883","0.85"
"prediction_8370","real_1365","0.85"
"prediction_10288","real_2018","0.85"
"prediction_1155","real_4251","0.85"
"prediction_9229","real_2123","0.85"
"prediction_9846","real_872","0.85"
"prediction_9496","real_2379","0.85"
"prediction_1179","real_4274","0.85"
"prediction_9157","real_3010","0.85"
"prediction_1054","real_4139","0.85"
"prediction_7110","real_3104","0.85"
"prediction_435","real_1727","0.85"
"prediction_9298","real_3398","0.85"
"prediction_9428","real_2891","0.85"
"prediction_8066","real_1153","0.85"
"prediction_9422","real_2889","0.85"
"prediction_9844","real_1603","0.85"
"prediction_9416","real_2897","0.85"
"prediction_2013","real_1442","0.85"
"prediction_6851","real_3049","0.85"
"prediction_9418","real_2893","0.85"
"prediction_6858","real_3043","0.85"
"prediction_1166","real_4253","0.85"
"prediction_6854","real_3048","0.85"
"prediction_1163","real_4257","0.85"
"prediction_8371","real_1356","0.85"
"prediction_1161","real_4254","0.85"
"prediction_1182","real_4276","0.85"
"prediction_6873","real_3064","0.85"
"prediction_7841","real_321","0.85"
"prediction_8550","real_560","0.85"
"prediction_6849","real_3039","0.85"
"prediction_7983","real_1157","0.85"
"prediction_9937","real_3927","0.85"
"prediction_9849","real_628","1.0"
"prediction_1169","real_4271","0.85"
"prediction_10035","real_3249","1.0"
"prediction_7128","real_3081","0.85"
"prediction_7102","real_3105","0.85"
"prediction_1171","real_4273","0.85"
"prediction_9415","real_2883","0.85"
"prediction_6853","real_3054","0.85"
"prediction_1178","real_4270","0.85"
"prediction_9061","real_1848","0.85"
"prediction_9429","real_2894","0.85"
"prediction_6033","real_960","0.85"
"prediction_1162","real_4268","0.85"
"prediction_8551","real_554","0.85"
"prediction_9287","real_2180","1.0"
"prediction_8056","real_1152","0.85"
"prediction_3636","real_257","0.85"
"prediction_9420","real_2895","0.85"
"prediction_9288","real_2185","1.0"
"prediction_9424","real_2896","0.85"
"prediction_7299","real_4383","0.85"
"prediction_10020","real_1933","0.85"
"prediction_10135","real_4346","0.85"
"prediction_9253","real_3549","0.85"
"prediction_8536","real_555","0.85"
"prediction_1168","real_4265","0.85"
"prediction_6810","real_1788","0.85"
"prediction_9845","real_632","1.0"
"prediction_9703","real_534","0.85"
"prediction_1158","real_4278","0.85"
"prediction_9848","real_639","1.0"
"prediction_761","real_2279","0.85"
"prediction_8353","real_1362","0.85"
"prediction_1996","real_2368","0.85"
"prediction_2111","real_2531","0.85"
"prediction_2119","real_2538","0.85"
"prediction_2114","real_2533","0.85"
"prediction_10021","real_3248","1.0"
"prediction_1701","real_1673","0.85"
"prediction_1749","real_3300","0.85"
"prediction_1917","real_3878","1.0"
"prediction_768","real_2277","0.85"
"prediction_3198","real_3240","0.85"
"prediction_1269","real_1896","0.85"
"prediction_8357","real_1361","0.85"
"prediction_6863","real_3056","0.85"
"prediction_6868","real_3050","0.85"
"prediction_10023","real_3255","1.0"
"prediction_1812","real_3728","0.85"
"prediction_764","real_2278","0.85"
"prediction_6863","real_743","0.85"
"prediction_2120","real_2522","0.85"
"prediction_1177","real_4264","0.85"
"prediction_8140","real_322","0.85"
"prediction_9884","real_4386","0.85"
"prediction_1176","real_4263","0.85"
"prediction_3180","real_2040","0.85"
"prediction_10028","real_3251","1.0"
"prediction_1950","real_1679","1.0"
"prediction_1943","real_2650","0.85"
"prediction_8202","real_4380","0.88"
"prediction_6811","real_1532","0.85"
"prediction_1894","real_2480","0.85"
"prediction_9842","real_644","1.0"
"prediction_1143","real_3906","0.85"
"prediction_5920","real_3421","0.85"
"prediction_773","real_2276","0.85"
"prediction_9268","real_2310","0.85"
"prediction_772","real_2273","0.85"
"prediction_2113","real_2540","0.85"
"prediction_2100","real_2530","0.85"
"prediction_2108","real_2537","0.85"
"prediction_2924","real_1369","0.85"
"prediction_714","real_734","0.85"
"prediction_2002","real_1443","0.85"
"prediction_6373","real_3557","0.85"
"prediction_9646","real_237","0.85"
"prediction_1180","real_4267","0.85"
"prediction_1937","real_3867","1.0"
"prediction_8191","real_1056","0.85"
"prediction_6865","real_3047","0.85"
"prediction_6867","real_3046","0.85"
"prediction_8543","real_546","0.85"
"prediction_8473","real_617","1.0"
"prediction_10015","real_3250","1.0"
"prediction_6866","real_3042","0.85"
"prediction_10017","real_3252","1.0"
"prediction_1946","real_1675","1.0"
"prediction_1181","real_4262","0.85"
"prediction_9589","real_2280","0.85"
"prediction_978","real_1261","0.9"
"prediction_10206","real_2075","1.0"
"prediction_8911","real_4316","0.85"
"prediction_1274","real_3892","0.85"
"prediction_10056","real_3836","1.0"
"prediction_651","real_319","1.0"
"prediction_5600","real_1165","0.85"
"prediction_10050","real_3838","1.0"
"prediction_8910","real_4311","0.85"
"prediction_10155","real_179","0.85"
"prediction_10157","real_177","0.85"
"prediction_9467","real_1190","0.85"
"prediction_10212","real_2083","1.0"
"prediction_770","real_2267","0.85"
"prediction_987","real_1271","0.9"
"prediction_10210","real_2082","1.0"
"prediction_774","real_2262","0.85"
"prediction_1132","real_1307","0.85"
"prediction_1134","real_1308","0.85"
"prediction_1137","real_1302","0.85"
"prediction_8281","real_4162","0.85"
"prediction_9265","real_852","0.85"
"prediction_8286","real_4190","0.85"
"prediction_779","real_2261","0.85"
"prediction_1127","real_1318","0.85"
"prediction_8903","real_4310","0.85"
"prediction_963","real_1246","0.9"
"prediction_965","real_1245","0.9"
"prediction_975","real_1259","0.9"
"prediction_1287","real_497","1.0"
"prediction_8486","real_612","1.0"
"prediction_10053","real_3837","1.0"
"prediction_8488","real_616","1.0"
"prediction_1128","real_1315","0.85"
"prediction_986","real_1260","0.9"
"prediction_1175","real_1364","0.725"
"prediction_982","real_1267","0.9"
"prediction_9832","real_3853","0.85"
"prediction_1123","real_1313","0.85"
"prediction_1948","real_1661","1.0"
"prediction_2163","real_934","0.85"
"prediction_10201","real_2089","1.0"
"prediction_969","real_1243","0.9"
"prediction_597","real_3644","1.0"
"prediction_10139","real_167","0.85"
"prediction_10205","real_2087","1.0"
"prediction_989","real_1262","0.9"
"prediction_8400","real_450","0.85"
"prediction_664","real_4079","0.85"
"prediction_915","real_2067","0.85"
"prediction_593","real_3647","1.0"
"prediction_8780","real_4074","0.85"
"prediction_1343","real_1174","1.0"
"prediction_273","real_799","1.0"
"prediction_8347","real_1354","0.85"
"prediction_2183","real_955","0.85"
"prediction_1309","real_164","0.85"
"prediction_689","real_2781","0.85"
"prediction_10148","real_175","0.85"
"prediction_10144","real_171","0.85"
"prediction_1387","real_3982","0.85"
"prediction_501","real_1049","0.85"
"prediction_8282","real_4174","0.85"
"prediction_9412","real_2848","0.85"
"prediction_8294","real_4187","0.85"
"prediction_588","real_3646","1.0"
"prediction_586","real_3648","1.0"
"prediction_763","real_2263","0.85"
"prediction_1791","real_1109","0.85"
"prediction_8292","real_4183","0.85"
"prediction_1332","real_1163","1.0"
"prediction_1344","real_1176","1.0"
"prediction_9391","real_4231","0.85"
"prediction_766","real_2265","0.85"
"prediction_1336","real_1168","1.0"
"prediction_8105","real_1999","0.9249999999999999"
"prediction_10372","real_158","0.91"
"prediction_8189","real_1069","0.85"
"prediction_8810","real_739","0.85"
"prediction_8192","real_1074","0.85"
"prediction_10054","real_3848","1.0"
"prediction_1145","real_1320","0.85"
"prediction_1148","real_1323","0.85"
"prediction_587","real_3643","1.0"
"prediction_7140","real_3724","0.85"
"prediction_9823","real_1692","1.0"
"prediction_9372","real_2921","0.85"
"prediction_9821","real_1691","1.0"
"prediction_510","real_1035","0.85"
"prediction_5624","real_1164","0.85"
"prediction_2804","real_1947","0.85"
"prediction_976","real_1240","0.9"
"prediction_9451","real_2847","0.85"
"prediction_9378","real_2920","0.85"
"prediction_8325","real_1349","0.85"
"prediction_9827","real_1694","1.0"
"prediction_9653","real_880","0.85"
"prediction_1333","real_1179","1.0"
"prediction_9442","real_2843","0.85"
"prediction_9443","real_2844","0.85"
"prediction_8283","real_4188","0.85"
"prediction_9815","real_1699","1.0"
"prediction_848","real_2317","0.85"
"prediction_1320","real_1186","1.0"
"prediction_3613","real_1624","0.85"
"prediction_8118","real_1996","1.0"
"prediction_9438","real_2852","0.85"
"prediction_9490","real_1196","1.0"
"prediction_9822","real_1689","1.0"
"prediction_983","real_1242","0.9"
"prediction_8114","real_1995","1.0"
"prediction_9383","real_2918","0.85"
"prediction_1321","real_1185","1.0"
"prediction_1115","real_3984","0.85"
"prediction_9056","real_144","0.85"
"prediction_1286","real_3894","0.85"
"prediction_9987","real_2551","0.85"
"prediction_10088","real_2639","0.85"
"prediction_10166","real_180","0.85"
"prediction_7758","real_2135","0.85"
"prediction_980","real_1247","0.9"
"prediction_9718","real_1351","0.85"
"prediction_9450","real_2850","0.85"
"prediction_9111","real_737","0.85"
"prediction_10232","real_3685","0.85"
"prediction_1942","real_1663","1.0"
"prediction_977","real_1251","0.9"
"prediction_979","real_1250","0.9"
"prediction_9382","real_1713","1.0"
"prediction_10161","real_170","0.85"
"prediction_8280","real_4191","0.85"
"prediction_1350","real_1166","0.85"
"prediction_2205","real_1205","0.85"
"prediction_8902","real_4306","0.85"
"prediction_9989","real_2564","0.85"
"prediction_1323","real_1178","1.0"
"prediction_9437","real_2840","0.85"
"prediction_9444","real_2855","0.85"
"prediction_9434","real_2842","0.85"
"prediction_10063","real_3850","1.0"
"prediction_1335","real_1187","1.0"
"prediction_1195","real_3900","0.85"
"prediction_9447","real_2856","0.85"
"prediction_9715","real_1342","0.85"
"prediction_9373","real_2915","0.85"
"prediction_9268","real_3394","0.85"
"prediction_966","real_1256","0.9"
"prediction_985","real_1253","0.9"
"prediction_8908","real_4308","0.85"
"prediction_1337","real_1181","1.0"
"prediction_972","real_1265","0.9"
"prediction_9448","real_2853","0.85"
"prediction_1324","real_1172","1.0"
"prediction_9818","real_2658","0.85"
"prediction_9761","real_2725","0.85"
"prediction_7859","real_2063","0.85"
"prediction_9671","real_3180","0.85"
"prediction_9709","real_1353","0.85"
"prediction_8208","real_2659","0.85"
"prediction_7855","real_2066","0.85"
"prediction_6823","real_3777","0.85"
"prediction_7854","real_2069","0.85"
"prediction_1953","real_2833","0.85"
"prediction_9271","real_2165","1.0"
"prediction_8484","real_4178","0.85"
"prediction_10417","real_708","1.0"
"prediction_7858","real_2065","0.85"
"prediction_551","real_2439","0.85"
"prediction_9363","real_2912","0.85"
"prediction_8672","real_3618","0.85"
"prediction_6101","real_2147","0.85"
"prediction_8663","real_3617","0.85"
"prediction_8659","real_3621","0.85"
"prediction_9368","real_2911","0.85"
"prediction_4050","real_323","0.85"
"prediction_6821","real_3780","0.85"
"prediction_2115","real_2739","0.85"
"prediction_9711","real_1352","0.85"
"prediction_1312","real_1170","1.0"
"prediction_8058","real_3147","0.85"
"prediction_8821","real_1080","0.85"
"prediction_6822","real_3760","0.85"
"prediction_7864","real_2068","0.85"
"prediction_9701","real_1344","0.85"
"prediction_3413","real_2810","0.85"
"prediction_7869","real_2060","0.85"
"prediction_8681","real_3634","0.85"
"prediction_6814","real_3756","0.7333333333333333"
"prediction_10404","real_4212","0.85"
"prediction_7857","real_2053","0.85"
"prediction_8326","real_572","0.85"
"prediction_1686","real_918","0.85"
"prediction_9504","real_4299","0.85"
"prediction_1319","real_1183","1.0"
"prediction_8676","real_3638","0.85"
"prediction_9853","real_3846","0.85"
"prediction_1366","real_1329","0.85"
"prediction_1293","real_699","1.0"
"prediction_594","real_456","0.85"
"prediction_9515","real_4040","0.85"
"prediction_9503","real_4296","0.85"
"prediction_9699","real_1611","0.725"
"prediction_1313","real_1184","1.0"
"prediction_1315","real_1182","1.0"
"prediction_6824","real_3750","0.85"
"prediction_8290","real_4127","0.85"
"prediction_10146","real_169","0.85"
"prediction_1141","real_1322","0.85"
"prediction_7310","real_2372","0.85"
"prediction_8154","real_4006","0.85"
"prediction_10419","real_1978","0.85"
"prediction_1140","real_1327","0.85"
"prediction_9636","real_2873","0.85"
"prediction_9639","real_2879","0.85"
"prediction_7866","real_2070","0.85"
"prediction_509","real_1235","1.0"
"prediction_9875","real_3843","0.85"
"prediction_1760","real_825","0.85"
"prediction_1945","real_3191","0.85"
"prediction_7861","real_2072","0.85"
"prediction_8985","real_3584","0.85"
"prediction_505","real_1237","1.0"
"prediction_9142","real_3212","0.85"
"prediction_1957","real_3186","0.8875"
"prediction_8667","real_3635","0.85"
"prediction_9307","real_1730","0.85"
"prediction_1139","real_1321","0.85"
"prediction_538","real_1229","1.0"
"prediction_8917","real_4328","0.85"
"prediction_684","real_356","0.85"
"prediction_8509","real_2327","1.0"
"prediction_1146","real_1312","0.85"
"prediction_8501","real_2321","1.0"
"prediction_6807","real_3762","0.85"
"prediction_8513","real_2310","1.0"
"prediction_8510","real_2313","1.0"
"prediction_1964","real_3176","0.8875"
"prediction_6818","real_3751","0.85"
"prediction_6874","real_3709","0.85"
"prediction_1149","real_1311","0.85"
"prediction_9762","real_2738","0.85"
"prediction_279","real_3065","0.85"
"prediction_10150","real_163","0.85"
"prediction_10159","real_165","0.85"
"prediction_9748","real_1545","0.85"
"prediction_1150","real_1300","0.85"
"prediction_522","real_1231","1.0"
"prediction_6812","real_3774","0.85"
"prediction_9707","real_1340","0.85"
"prediction_9871","real_450","0.85"
"prediction_9764","real_2731","0.85"
"prediction_7477","real_1278","0.85"
"prediction_7120","real_124","0.85"
"prediction_10138","real_184","0.85"
"prediction_9630","real_2860","0.85"
"prediction_10151","real_166","0.85"
"prediction_1151","real_1303","0.85"
"prediction_2127","real_780","0.85"
"prediction_10158","real_162","0.85"
"prediction_6076","real_286","0.85"
"prediction_10136","real_185","0.85"
"prediction_6639","real_1797","0.85"
"prediction_9631","real_2861","0.85"
"prediction_7083","real_417","0.85"
"prediction_7571","real_1150","0.85"
"prediction_517","real_1236","1.0"
"prediction_9955","real_363","0.85"
"prediction_9657","real_402","0.85"
"prediction_511","real_1238","1.0"
"prediction_6828","real_3758","0.725"
"prediction_1226","real_1248","0.85"
"prediction_526","real_1226","1.0"
"prediction_515","real_1233","1.0"
"prediction_525","real_1228","1.0"
"prediction_9712","real_1341","0.725"
"prediction_1955","real_3179","0.8875"
"prediction_1968","real_3188","0.8875"
"prediction_8665","real_3640","0.85"
"prediction_6803","real_3773","0.85"
"prediction_9649","real_2880","0.85"
"prediction_9706","real_1333","0.85"
"prediction_8187","real_3025","0.85"
"prediction_9705","real_1334","0.85"
"prediction_1952","real_3178","0.8875"
"prediction_3844","real_3607","0.85"
"prediction_1962","real_3189","0.8875"
"prediction_9860","real_3565","1.0"
"prediction_2121","real_965","0.85"
"prediction_2205","real_2379","1.0"
"prediction_7059","real_2390","0.85"
"prediction_1995","real_1626","0.85"
"prediction_6445","real_4228","0.85"
"prediction_7886","real_776","0.85"
"prediction_9886","real_2113","0.85"
"prediction_5491","real_2044","0.85"
"prediction_8167","real_3029","0.85"
"prediction_614","real_2664","0.85"
"prediction_1481","real_113","0.85"
"prediction_8935","real_1636","0.85"
"prediction_9146","real_1790","1.0"
"prediction_9479","real_2839","0.85"
"prediction_9137","real_1794","1.0"
"prediction_7010","real_3560","0.85"
"prediction_8921","real_1647","0.85"
"prediction_8927","real_1638","0.85"
"prediction_9698","real_4369","0.85"
"prediction_7946","real_3141","0.85"
"prediction_1954","real_3162","0.8875"
"prediction_8106","real_2006","1.0"
"prediction_9259","real_407","0.85"
"prediction_9130","real_2744","0.85"
"prediction_1153","real_1299","0.85"
"prediction_452","real_1030","0.85"
"prediction_8153","real_2058","0.85"
"prediction_8103","real_2001","1.0"
"prediction_9343","real_754","0.85"
"prediction_8915","real_1640","0.85"
"prediction_9234","real_3195","0.85"
"prediction_8922","real_1631","0.85"
"prediction_477","real_1039","0.85"
"prediction_7077","real_802","0.85"
"prediction_7352","real_3884","0.725"
"prediction_430","real_2465","1.0"
"prediction_308","real_1167","0.85"
"prediction_707","real_570","0.85"
"prediction_10126","real_463","0.85"
"prediction_10183","real_3667","0.85"
"prediction_8107","real_2020","1.0"
"prediction_8949","real_4199","0.95"
"prediction_7601","real_1722","0.85"
"prediction_8427","real_1390","0.85"
"prediction_10186","real_3672","0.85"
"prediction_8924","real_1645","0.85"
"prediction_8937","real_1656","0.85"
"prediction_8952","real_4196","0.95"
"prediction_2461","real_1180","0.7333333333333333"
"prediction_9322","real_2086","0.85"
"prediction_488","real_2283","0.725"
"prediction_9799","real_3253","0.85"
"prediction_9046","real_476","0.85"
"prediction_8761","real_3631","0.85"
"prediction_8102","real_2017","1.0"
"prediction_1971","real_3170","0.8875"
"prediction_1982","real_3181","0.85"
"prediction_8100","real_2018","1.0"
"prediction_8938","real_1653","0.85"
"prediction_9232","real_636","0.85"
"prediction_1356","real_494","1.0"
"prediction_6890","real_953","0.85"
"prediction_8400","real_3553","0.85"
"prediction_478","real_1029","0.85"
"prediction_9360","real_2931","0.85"
"prediction_9406","real_1197","1.0"
"prediction_7751","real_4129","0.85"
"prediction_9362","real_2930","0.85"
"prediction_7849","real_2052","0.85"
"prediction_8813","real_2983","0.85"
"prediction_8825","real_2974","0.85"
"prediction_8820","real_2975","0.7333333333333333"
"prediction_9925","real_2670","1.0"
"prediction_8822","real_2972","0.85"
"prediction_6859","real_4404","0.85"
"prediction_1095","real_3346","0.85"
"prediction_10062","real_3561","0.85"
"prediction_9366","real_2932","0.85"
"prediction_1359","real_498","1.0"
"prediction_10182","real_3683","0.85"
"prediction_658","real_2201","1.0"
"prediction_1434","real_2507","0.85"
"prediction_652","real_2202","1.0"
"prediction_9976","real_3209","1.0"
"prediction_1353","real_499","1.0"
"prediction_1699","real_2751","0.85"
"prediction_6887","real_942","0.85"
"prediction_8045","real_3134","0.85"
"prediction_9031","real_474","0.85"
"prediction_2204","real_2363","1.0"
"prediction_953","real_343","0.85"
"prediction_6881","real_944","0.85"
"prediction_2201","real_2361","1.0"
"prediction_9972","real_3204","1.0"
"prediction_8115","real_2016","1.0"
"prediction_7846","real_2062","0.85"
"prediction_9866","real_3570","1.0"
"prediction_9570","real_2909","0.85"
"prediction_9001","real_4160","1.0"
"prediction_6880","real_959","0.85"
"prediction_8940","real_1630","0.85"
"prediction_8111","real_2012","1.0"
"prediction_8823","real_2984","0.85"
"prediction_8818","real_2970","0.85"
"prediction_9290","real_457","0.85"
"prediction_628","real_1214","0.85"
"prediction_8941","real_1633","0.85"
"prediction_10181","real_3690","0.85"
"prediction_9917","real_2665","1.0"
"prediction_8817","real_2977","0.85"
"prediction_7146","real_2448","0.85"
"prediction_6637","real_2045","0.85"
"prediction_698","real_2268","0.85"
"prediction_8421","real_1367","0.85"
"prediction_1473","real_2796","0.85"
"prediction_10318","real_1660","0.85"
"prediction_7838","real_2049","0.85"
"prediction_8809","real_2978","0.85"
"prediction_6664","real_1963","0.725"
"prediction_9910","real_2668","1.0"
"prediction_9912","real_2666","1.0"
"prediction_9913","real_2662","1.0"
"prediction_8116","real_2009","0.9249999999999999"
"prediction_666","real_2200","1.0"
"prediction_10185","real_3691","0.85"
"prediction_9559","real_1712","0.85"
"prediction_6882","real_957","0.85"
"prediction_9868","real_3564","1.0"
"prediction_9022","real_475","0.85"
"prediction_663","real_2207","0.875"
"prediction_8121","real_2014","1.0"
"prediction_9873","real_3571","1.0"
"prediction_9141","real_3093","0.85"
"prediction_445","real_2447","1.0"
"prediction_443","real_2445","1.0"
"prediction_612","real_2622","0.85"
"prediction_9871","real_3553","1.0"
"prediction_9926","real_2648","1.0"
"prediction_9384","real_1723","1.0"
"prediction_10165","real_3854","0.85"
"prediction_9381","real_1724","1.0"
"prediction_9000","real_4151","1.0"
"prediction_450","real_2457","1.0"
"prediction_451","real_2458","1.0"
"prediction_444","real_2441","1.0"
"prediction_449","real_2462","1.0"
"prediction_300","real_3336","0.85"
"prediction_8655","real_1160","0.85"
"prediction_1474","real_2789","0.85"
"prediction_8811","real_2969","0.85"
"prediction_600","real_3642","1.0"
"prediction_507","real_2775","0.85"
"prediction_9027","real_479","0.85"
"prediction_8790","real_1282","0.85"
"prediction_9025","real_483","0.85"
"prediction_8625","real_582","0.85"
"prediction_1475","real_2792","0.85"
"prediction_8808","real_2966","0.85"
"prediction_771","real_2521","0.85"
"prediction_6895","real_974","0.85"
"prediction_9051","real_1219","0.85"
"prediction_8442","real_1388","0.85"
"prediction_439","real_2449","1.0"
"prediction_1476","real_2794","0.85"
"prediction_9028","real_486","0.85"
"prediction_1480","real_2778","0.85"
"prediction_9024","real_489","0.85"
"prediction_6893","real_972","0.85"
"prediction_10223","real_367","0.85"
"prediction_10233","real_354","0.85"
"prediction_10220","real_365","0.85"
"prediction_9020","real_488","0.85"
"prediction_10239","real_350","0.85"
"prediction_10227","real_1588","0.85"
"prediction_2067","real_696","0.85"
"prediction_10222","real_362","0.85"
"prediction_2112","real_3281","0.85"
"prediction_9867","real_3559","1.0"
"prediction_8689","real_2117","0.85"
"prediction_9535","real_2927","0.85"
"prediction_7113","real_1449","0.85"
"prediction_6986","real_397","0.85"
"prediction_438","real_2464","0.875"
"prediction_10381","real_1222","0.85"
"prediction_9108","real_2741","0.85"
"prediction_10235","real_359","0.85"
"prediction_1991","real_1659","1.0"
"prediction_2758","real_2641","0.85"
"prediction_447","real_2451","1.0"
"prediction_7892","real_3950","0.85"
"prediction_1472","real_2779","0.85"
"prediction_9170","real_114","0.85"
"prediction_6934","real_1161","0.85"
"prediction_721","real_2567","0.85"
"prediction_9924","real_2660","1.0"
"prediction_9388","real_1733","1.0"
"prediction_9713","real_3207","0.85"
"prediction_10141","real_3841","0.85"
"prediction_10228","real_348","0.85"
"prediction_9389","real_1734","1.0"
"prediction_472","real_299","0.85"
"prediction_10330","real_1888","0.85"
"prediction_10229","real_355","0.85"
"prediction_9969","real_3201","1.0"
"prediction_1400","real_3076","0.85"
"prediction_1733","real_689","0.85"
"prediction_9808","real_1147","0.85"
"prediction_6923","real_188","0.85"
"prediction_9877","real_3554","1.0"
"prediction_8942","real_4142","0.725"
"prediction_8804","real_744","0.85"
"prediction_10230","real_347","0.85"
"prediction_10224","real_351","0.85"
"prediction_9743","real_3681","0.85"
"prediction_9865","real_3546","1.0"
"prediction_437","real_2459","1.0"
"prediction_2069","real_1669","0.85"
"prediction_9030","real_487","0.85"
"prediction_7928","real_3151","0.85"
"prediction_441","real_2461","1.0"
"prediction_9035","real_480","0.85"
"prediction_8225","real_4371","0.88"
"prediction_9393","real_1732","0.75"
"prediction_9392","real_1731","1.0"
"prediction_9466","real_420","1.0"
"prediction_2110","real_1943","0.85"
"prediction_9396","real_1736","1.0"
"prediction_1126","real_1297","0.85"
"prediction_2189","real_3094","0.85"
"prediction_1469","real_2776","0.85"
"prediction_6126","real_4392","0.85"
"prediction_6999","real_390","0.85"
"prediction_10207","real_756","0.85"
"prediction_9881","real_1106","0.85"
"prediction_381","real_4355","1.0"
"prediction_8914","real_1628","0.85"
"prediction_10200","real_2095","1.0"
"prediction_688","real_1032","0.85"
"prediction_6640","real_969","0.85"
"prediction_8520","real_3832","1.0"
"prediction_10202","real_2097","1.0"
"prediction_379","real_4333","1.0"
"prediction_10189","real_3461","0.85"
"prediction_377","real_4342","1.0"
"prediction_3449","real_4198","0.85"
"prediction_9677","real_2176","0.85"
"prediction_8569","real_1281","0.85"
"prediction_374","real_4341","1.0"
"prediction_7319","real_3620","0.85"
"prediction_1465","real_2780","0.85"
"prediction_9859","real_3547","1.0"
"prediction_9856","real_3545","1.0"
"prediction_9528","real_2904","0.85"
"prediction_10086","real_173","0.85"
"prediction_8426","real_3583","0.85"
"prediction_8174","real_2011","0.85"
"prediction_940","real_1994","0.85"
"prediction_1013","real_3575","0.85"
"prediction_1570","real_2414","0.85"
"prediction_8220","real_4365","0.88"
"prediction_2763","real_2630","0.85"
"prediction_9455","real_421","1.0"
"prediction_1435","real_2795","0.85"
"prediction_8222","real_4360","0.88"
"prediction_1468","real_2786","0.85"
"prediction_10006","real_360","0.85"
"prediction_7390","real_2258","0.85"
"prediction_8802","real_2964","0.85"
"prediction_8108","real_3033","0.85"
"prediction_1467","real_2787","0.85"
"prediction_6511","real_3394","0.85"
"prediction_6321","real_697","0.85"
"prediction_382","real_4338","1.0"
"prediction_1227","real_3972","0.85"
"prediction_370","real_4345","0.875"
"prediction_9461","real_429","1.0"
"prediction_6799","real_3106","0.85"
"prediction_1464","real_2793","0.85"
"prediction_9572","real_925","0.85"
"prediction_9861","real_3562","1.0"
"prediction_459","real_3662","0.85"
"prediction_6095","real_307","0.85"
"prediction_9863","real_3563","1.0"
"prediction_1216","real_4075","0.85"
"prediction_7909","real_3154","0.85"
"prediction_673","real_1025","0.85"
"prediction_9986","real_3688","0.85"
"prediction_8489","real_602","1.0"
"prediction_9397","real_1728","1.0"
"prediction_8707","real_1486","0.85"
"prediction_8203","real_4372","0.88"
"prediction_1347","real_1407","0.85"
"prediction_479","real_990","0.85"
"prediction_9452","real_434","0.8833333333333333"
"prediction_533","real_2157","1.0"
"prediction_534","real_2158","1.0"
"prediction_693","real_975","1.0"
"prediction_8120","real_2210","0.85"
"prediction_1986","real_1672","1.0"
"prediction_7906","real_2587","1.0"
"prediction_532","real_2152","1.0"
"prediction_545","real_2161","1.0"
"prediction_9561","real_900","0.85"
"prediction_8200","real_4373","0.88"
"prediction_1683","real_1721","0.85"
"prediction_9930","real_1918","0.85"
"prediction_531","real_2150","1.0"
"prediction_1072","real_147","0.91"
"prediction_7952","real_1156","0.85"
"prediction_1084","real_154","0.91"
"prediction_8212","real_4366","0.88"
"prediction_8216","real_4362","0.88"
"prediction_1070","real_143","0.7849999999999999"
"prediction_363","real_3534","1.0"
"prediction_1984","real_1678","1.0"
"prediction_541","real_2160","1.0"
"prediction_6995","real_1843","0.85"
"prediction_8516","real_3814","1.0"
"prediction_8494","real_2314","1.0"
"prediction_546","real_2159","1.0"
"prediction_8119","real_2211","0.85"
"prediction_646","real_1666","0.85"
"prediction_535","real_2149","1.0"
"prediction_7911","real_2583","1.0"
"prediction_2001","real_2355","0.85"
"prediction_8377","real_3421","0.85"
"prediction_1379","real_1907","0.7333333333333333"
"prediction_8117","real_2213","0.85"
"prediction_6862","real_3037","0.85"
"prediction_1981","real_1683","1.0"
"prediction_9564","real_903","0.85"
"prediction_8133","real_2235","0.85"
"prediction_8305","real_1087","0.85"
"prediction_8134","real_2233","0.85"
"prediction_7904","real_2590","1.0"
"prediction_9473","real_445","1.0"
"prediction_8493","real_2318","1.0"
"prediction_7908","real_2591","1.0"
"prediction_8838","real_4001","0.85"
"prediction_1415","real_4249","0.85"
"prediction_1069","real_145","0.91"
"prediction_1994","real_1439","0.85"
"prediction_1089","real_160","0.91"
"prediction_1396","real_1935","0.85"
"prediction_8136","real_2230","0.85"
"prediction_1215","real_4052","0.85"
"prediction_1979","real_1676","1.0"
"prediction_8468","real_609","1.0"
"prediction_530","real_2144","1.0"
"prediction_9932","real_1909","0.85"
"prediction_537","real_2142","1.0"
"prediction_527","real_2156","1.0"
"prediction_7913","real_3796","0.85"
"prediction_8204","real_4368","0.88"
"prediction_8497","real_2320","1.0"
"prediction_5700","real_3055","0.85"
"prediction_1074","real_134","0.91"
"prediction_528","real_2153","1.0"
"prediction_8210","real_4377","0.88"
"prediction_8206","real_4363","0.88"
"prediction_1064","real_138","0.725"
"prediction_8495","real_2323","1.0"
"prediction_9532","real_287","0.85"
"prediction_8123","real_2218","0.85"
"prediction_9560","real_915","0.85"
"prediction_1219","real_4056","0.85"
"prediction_8125","real_2215","0.85"
"prediction_9566","real_914","0.85"
"prediction_9498","real_459","0.85"
"prediction_1217","real_4051","0.85"
"prediction_8490","real_2328","1.0"
"prediction_8713","real_615","0.85"
"prediction_9471","real_435","1.0"
"prediction_6958","real_3116","0.85"
"prediction_8138","real_2223","0.85"
"prediction_8999","real_4159","1.0"
"prediction_7479","real_2721","0.85"
"prediction_9959","real_1914","0.85"
"prediction_6766","real_161","0.85"
"prediction_695","real_999","1.0"
"prediction_9008","real_481","0.85"
"prediction_543","real_2141","1.0"
"prediction_552","real_2155","1.0"
"prediction_1083","real_136","0.91"
"prediction_9277","real_1459","0.85"
"prediction_549","real_2146","1.0"
"prediction_8201","real_4356","0.88"
"prediction_1394","real_1902","0.85"
"prediction_9704","real_936","0.85"
"prediction_1349","real_654","0.85"
"prediction_1789","real_1455","0.85"
"prediction_1485","real_535","0.85"
"prediction_542","real_2139","1.0"
"prediction_10215","real_352","0.85"
"prediction_9014","real_490","0.85"
"prediction_9187","real_1720","0.85"
"prediction_1202","real_3942","0.85"
"prediction_775","real_3096","0.85"
"prediction_9545","real_906","0.85"
"prediction_5603","real_1667","0.85"
"prediction_1091","real_140","0.91"
"prediction_8869","real_2096","0.85"
"prediction_1783","real_1456","0.85"
"prediction_9236","real_1685","0.85"
"prediction_1871","real_3716","0.85"
"prediction_1329","real_698","1.0"
"prediction_10214","real_358","0.7333333333333333"
"prediction_539","real_2162","1.0"
"prediction_9549","real_913","0.85"
"prediction_9940","real_3257","1.0"
"prediction_8981","real_1859","0.85"
"prediction_697","real_983","1.0"
"prediction_1079","real_156","0.91"
"prediction_550","real_2143","1.0"
"prediction_690","real_988","1.0"
"prediction_8755","real_2618","0.85"
"prediction_536","real_2163","1.0"
"prediction_1081","real_137","0.91"
"prediction_7962","real_1155","0.85"
"prediction_1094","real_133","0.91"
"prediction_10217","real_357","0.85"
"prediction_9971","real_1708","0.85"
"prediction_7964","real_1154","0.7333333333333333"
"prediction_1075","real_157","0.91"
"prediction_2716","real_615","0.85"
"prediction_6986","real_1845","0.85"
"prediction_10124","real_1601","0.85"
"prediction_9616","real_844","0.85"
"prediction_8521","real_3807","1.0"
"prediction_1423","real_3916","0.85"
"prediction_776","real_4032","0.85"
"prediction_1636","real_2568","0.85"
"prediction_7961","real_1149","0.85"
"prediction_6511","real_2310","0.85"
"prediction_9544","real_916","0.725"
"prediction_516","real_1502","0.85"
"prediction_9012","real_482","0.85"
"prediction_8642","real_2982","0.85"
"prediction_9554","real_908","0.85"
"prediction_9477","real_2885","0.85"
"prediction_6804","real_973","0.85"
"prediction_8733","real_2609","0.85"
"prediction_1900","real_2399","0.85"
"prediction_10066","real_1826","0.85"
"prediction_2208","real_2376","1.0"
"prediction_2207","real_2375","1.0"
"prediction_682","real_982","1.0"
"prediction_7970","real_1132","0.85"
"prediction_9010","real_469","0.85"
"prediction_9087","real_4158","1.0"
"prediction_7963","real_1143","0.85"
"prediction_674","real_993","1.0"
"prediction_1414","real_1513","0.8875"
"prediction_10030","real_773","0.85"
"prediction_6910","real_3062","0.85"
"prediction_9011","real_468","0.85"
"prediction_687","real_986","1.0"
"prediction_675","real_998","1.0"
"prediction_1416","real_1515","0.8875"
"prediction_1303","real_675","1.0"
"prediction_7994","real_3613","0.85"
"prediction_1424","real_1509","0.8875"
"prediction_1360","real_4216","0.85"
"prediction_7960","real_1137","0.85"
"prediction_405","real_707","1.0"
"prediction_7951","real_2576","0.85"
"prediction_7966","real_1139","0.85"
"prediction_7993","real_3616","0.85"
"prediction_9809","real_1822","0.85"
"prediction_9318","real_3412","0.85"
"prediction_9488","real_1211","1.0"
"prediction_1554","real_666","0.85"
"prediction_9806","real_1823","0.85"
"prediction_9581","real_1332","0.85"
"prediction_683","real_991","0.75"
"prediction_9983","real_3213","1.0"
"prediction_2164","real_2547","0.85"
"prediction_8272","real_1102","0.85"
"prediction_6656","real_4406","0.85"
"prediction_497","real_1033","0.85"
"prediction_680","real_995","1.0"
"prediction_681","real_996","0.875"
"prediction_1316","real_2871","0.85"
"prediction_9892","real_181","0.7333333333333333"
"prediction_7889","real_2573","1.0"
"prediction_1306","real_692","1.0"
"prediction_9320","real_285","0.85"
"prediction_4775","real_576","0.85"
"prediction_5397","real_1381","0.85"
"prediction_9004","real_203","0.85"
"prediction_7949","real_2578","0.85"
"prediction_1302","real_694","1.0"
"prediction_480","real_1027","0.85"
"prediction_7956","real_2592","0.85"
"prediction_402","real_710","1.0"
"prediction_1421","real_1516","0.8875"
"prediction_400","real_713","1.0"
"prediction_401","real_716","1.0"
"prediction_8592","real_3239","0.85"
"prediction_1411","real_1500","0.8875"
"prediction_1422","real_1511","0.8875"
"prediction_1413","real_1505","0.8875"
"prediction_8757","real_4132","0.9"
"prediction_9257","real_1693","0.85"
"prediction_1875","real_107","0.85"
"prediction_484","real_1034","0.85"
"prediction_8593","real_3243","0.85"
"prediction_2178","real_2543","0.85"
"prediction_8590","real_3242","0.85"
"prediction_9165","real_2986","0.85"
"prediction_1229","real_3918","0.85"
"prediction_9975","real_3215","1.0"
"prediction_565","real_4300","0.85"
"prediction_2211","real_2366","1.0"
"prediction_2210","real_2365","1.0"
"prediction_9016","real_3603","0.85"
"prediction_152","real_153","0.85"
"prediction_2177","real_2548","0.85"
"prediction_9097","real_4148","1.0"
"prediction_9970","real_3210","1.0"
"prediction_9091","real_4149","1.0"
"prediction_6646","real_4407","0.85"
"prediction_9090","real_4147","1.0"
"prediction_7890","real_2570","1.0"
"prediction_7893","real_2574","1.0"
"prediction_6871","real_941","0.85"
"prediction_8130","real_2228","0.85"
"prediction_9904","real_1610","0.85"
"prediction_9814","real_1839","0.85"
"prediction_8131","real_2227","0.85"
"prediction_487","real_1038","0.85"
"prediction_676","real_977","0.875"
"prediction_330","real_803","1.0"
"prediction_9089","real_4136","1.0"
"prediction_332","real_804","1.0"
"prediction_2418","real_1817","0.85"
"prediction_8589","real_3234","0.85"
"prediction_8194","real_3503","0.85"
"prediction_9482","real_1201","1.0"
"prediction_1220","real_2935","0.85"
"prediction_8765","real_4130","0.9"
"prediction_6093","real_1982","0.85"
"prediction_8243","real_2370","0.85"
"prediction_7954","real_1133","0.85"
"prediction_9485","real_1206","1.0"
"prediction_483","real_1037","0.85"
"prediction_335","real_809","1.0"
"prediction_2169","real_2564","0.85"
"prediction_9484","real_1207","1.0"
"prediction_9064","real_4152","0.85"
"prediction_339","real_806","1.0"
"prediction_2175","real_2556","0.85"
"prediction_2176","real_2555","0.725"
"prediction_8965","real_4193","0.95"
"prediction_10187","real_2077","1.0"
"prediction_9303","real_3404","0.85"
"prediction_7945","real_1142","0.85"
"prediction_7948","real_1145","0.85"
"prediction_322","real_810","1.0"
"prediction_9153","real_1795","1.0"
"prediction_10368","real_685","1.0"
"prediction_9084","real_4140","1.0"
"prediction_9306","real_3406","0.85"
"prediction_334","real_800","1.0"
"prediction_325","real_813","1.0"
"prediction_482","real_1043","0.85"
"prediction_403","real_729","1.0"
"prediction_8778","real_4113","0.9"
"prediction_9315","real_274","0.85"
"prediction_9951","real_1953","0.85"
"prediction_10143","real_3194","0.85"
"prediction_6633","real_4401","0.85"
"prediction_8312","real_1095","0.85"
"prediction_9073","real_4157","0.85"
"prediction_1346","real_615","0.85"
"prediction_2182","real_2542","0.85"
"prediction_489","real_1040","0.85"
"prediction_486","real_1042","0.85"
"prediction_9309","real_3405","0.85"
"prediction_9312","real_278","0.85"
"prediction_1428","real_4057","0.85"
"prediction_8771","real_4117","0.9"
"prediction_8127","real_2222","0.85"
"prediction_7990","real_253","0.85"
"prediction_8961","real_4194","0.95"
"prediction_8137","real_2212","0.85"
"prediction_8760","real_4128","0.9"
"prediction_2171","real_2558","0.85"
"prediction_1209","real_3904","0.85"
"prediction_8320","real_1099","0.85"
"prediction_1098","real_3319","0.85"
"prediction_2869","real_4020","0.85"
"prediction_8645","real_743","1.0"
"prediction_7345","real_631","0.85"
"prediction_9899","real_2111","0.85"
"prediction_1997","real_1454","0.85"
"prediction_9491","real_1203","1.0"
"prediction_10193","real_2073","1.0"
"prediction_8645","real_3056","0.85"
"prediction_1993","real_1453","0.85"
"prediction_2209","real_2382","1.0"
"prediction_9361","real_3754","0.85"
"prediction_9802","real_865","0.85"
"prediction_9244","real_1696","0.85"
"prediction_495","real_1036","0.85"
"prediction_1636","real_321","0.85"
"prediction_9496","real_1205","1.0"
"prediction_3188","real_1742","0.85"
"prediction_8763","real_4121","0.9"
"prediction_7986","real_247","0.85"
"prediction_2165","real_2554","0.85"
"prediction_7955","real_1134","0.85"
"prediction_8129","real_2236","0.85"
"prediction_2168","real_2552","0.85"
"prediction_8777","real_4125","0.9"
"prediction_493","real_1045","0.85"
"prediction_9672","real_3542","0.85"
"prediction_8766","real_4115","0.9"
"prediction_496","real_1041","0.85"
"prediction_8315","real_1089","0.85"
"prediction_10367","real_690","1.0"
"prediction_10196","real_2078","1.0"
"prediction_2174","real_2563","0.85"
"prediction_1432","real_1508","0.8875"
"prediction_2167","real_2559","0.85"
"prediction_685","real_980","1.0"
"prediction_1431","real_1507","0.8875"
"prediction_2131","real_3427","0.85"
"prediction_10184","real_2081","1.0"
"prediction_8149","real_3421","0.85"
"prediction_2160","real_2557","0.85"
"prediction_9546","real_3415","0.85"
"prediction_499","real_1047","0.85"
"prediction_8390","real_1470","0.85"
"prediction_7860","real_2580","0.85"
"prediction_10031","real_608","0.85"
"prediction_1847","real_1111","1.0"
"prediction_1067","real_1550","0.85"
"prediction_10025","real_1821","0.85"
"prediction_1099","real_1306","0.85"
"prediction_181","real_1234","0.85"
"prediction_8077","real_2219","0.85"
"prediction_1068","real_3971","0.85"
"prediction_329","real_792","1.0"
"prediction_6954","real_3068","0.85"
"prediction_324","real_793","1.0"
"prediction_9995","real_414","1.0"
"prediction_8156","real_3615","0.85"
"prediction_562","real_4291","0.85"
"prediction_9997","real_419","1.0"
"prediction_10119","real_1928","1.0"
"prediction_8151","real_3612","0.85"
"prediction_566","real_4297","0.85"
"prediction_563","real_4294","0.85"
"prediction_557","real_4281","0.85"
"prediction_9962","real_1617","1.0"
"prediction_9965","real_1619","1.0"
"prediction_1730","real_3694","0.85"
"prediction_648","real_992","1.0"
"prediction_9614","real_2747","0.85"
"prediction_10137","real_1930","1.0"
"prediction_572","real_4298","0.85"
"prediction_8531","real_618","0.85"
"prediction_8147","real_3611","0.85"
"prediction_1393","real_1876","0.85"
"prediction_9107","real_1398","0.85"
"prediction_1550","real_936","0.85"
"prediction_9609","real_4030","1.0"
"prediction_7984","real_269","0.85"
"prediction_7980","real_260","0.85"
"prediction_7989","real_267","0.85"
"prediction_1388","real_1885","0.85"
"prediction_10134","real_1934","1.0"
"prediction_1384","real_1880","0.85"
"prediction_10122","real_1923","1.0"
"prediction_9991","real_405","1.0"
"prediction_8146","real_3614","0.85"
"prediction_318","real_790","1.0"
"prediction_6721","real_3089","0.85"
"prediction_9605","real_4031","1.0"
"prediction_9608","real_4038","1.0"
"prediction_8002","real_338","0.85"
"prediction_7981","real_265","0.85"
"prediction_8394","real_1467","0.85"
"prediction_2080","real_2243","0.85"
"prediction_6933","real_1980","0.85"
"prediction_9949","real_1606","1.0"
"prediction_2095","real_2237","0.85"
"prediction_10092","real_523","0.85"
"prediction_8186","real_3521","0.85"
"prediction_1391","real_1891","0.85"
"prediction_3003","real_3466","0.85"
"prediction_1684","real_3371","0.85"
"prediction_1855","real_1112","1.0"
"prediction_575","real_4292","0.85"
"prediction_8093","real_2231","0.85"
"prediction_8094","real_2232","0.85"
"prediction_10129","real_1926","1.0"
"prediction_9771","real_1684","1.0"
"prediction_8143","real_3610","0.9"
"prediction_9947","real_873","0.85"
"prediction_1850","real_1110","1.0"
"prediction_9773","real_1687","1.0"
"prediction_1381","real_1878","0.85"
"prediction_1889","real_2362","0.85"
"prediction_1862","real_1130","1.0"
"prediction_1399","real_1884","0.85"
"prediction_574","real_4290","0.85"
"prediction_8092","real_2221","0.85"
"prediction_8149","real_3620","0.85"
"prediction_2098","real_2249","0.85"
"prediction_5599","real_4063","0.85"
"prediction_9661","real_3737","0.85"
"prediction_3814","real_513","0.85"
"prediction_9604","real_4048","1.0"
"prediction_9945","real_1602","1.0"
"prediction_8001","real_324","0.85"
"prediction_9606","real_4043","0.875"
"prediction_8213","real_3958","0.85"
"prediction_9954","real_1614","1.0"
"prediction_7895","real_2577","1.0"
"prediction_1858","real_1127","1.0"
"prediction_2089","real_2250","0.85"
"prediction_8268","real_1363","0.85"
"prediction_642","real_2903","0.85"
"prediction_1859","real_1123","1.0"
"prediction_1884","real_2395","1.0"
"prediction_4775","real_2117","0.85"
"prediction_1241","real_518","0.85"
"prediction_8751","real_732","1.0"
"prediction_7938","real_3963","1.0"
"prediction_10128","real_1911","1.0"
"prediction_10133","real_1915","1.0"
"prediction_4685","real_2029","0.85"
"prediction_10179","real_3272","0.85"
"prediction_2039","real_2478","0.85"
"prediction_10216","real_2100","1.0"
"prediction_8481","real_595","1.0"
"prediction_8148","real_252","0.85"
"prediction_607","real_2284","0.85"
"prediction_608","real_2285","0.85"
"prediction_9617","real_4047","1.0"
"prediction_5457","real_1648","0.85"
"prediction_10211","real_2102","1.0"
"prediction_9045","real_2015","0.85"
"prediction_8741","real_734","1.0"
"prediction_9613","real_4028","1.0"
"prediction_5556","real_2940","0.85"
"prediction_1849","real_1125","1.0"
"prediction_336","real_795","1.0"
"prediction_2090","real_2257","0.85"
"prediction_9405","real_4083","1.0"
"prediction_1880","real_2387","1.0"
"prediction_331","real_794","1.0"
"prediction_8397","real_1482","0.85"
"prediction_9960","real_1605","1.0"
"prediction_9994","real_408","1.0"
"prediction_9610","real_4029","1.0"
"prediction_9998","real_403","1.0"
"prediction_10118","real_1913","1.0"
"prediction_9612","real_4035","1.0"
"prediction_10123","real_1916","1.0"
"prediction_10208","real_2101","1.0"
"prediction_10102","real_1939","1.0"
"prediction_7071","real_3989","0.85"
"prediction_10127","real_1919","1.0"
"prediction_342","real_3928","0.85"
"prediction_7880","real_3790","0.85"
"prediction_1834","real_3890","1.0"
"prediction_2084","real_2253","0.85"
"prediction_9313","real_1200","0.85"
"prediction_7564","real_1091","0.85"
"prediction_9618","real_4033","1.0"
"prediction_2088","real_2259","0.85"
"prediction_1254","real_4067","0.85"
"prediction_9186","real_1836","0.85"
"prediction_8731","real_737","0.75"
"prediction_6308","real_2784","0.85"
"prediction_2103","real_2438","0.725"
"prediction_6962","real_562","0.85"
"prediction_9946","real_406","0.85"
"prediction_1256","real_4062","0.85"
"prediction_1842","real_3310","0.725"
"prediction_9862","real_2092","0.85"
"prediction_10114","real_1951","1.0"
"prediction_1251","real_4061","0.85"
"prediction_9989","real_884","0.85"
"prediction_1277","real_4260","0.85"
"prediction_621","real_2286","0.85"
"prediction_10104","real_1958","0.8833333333333333"
"prediction_10115","real_1956","1.0"
"prediction_9223","real_3200","0.85"
"prediction_8899","real_4325","0.85"
"prediction_2028","real_2772","0.8833333333333333"
"prediction_2026","real_2774","1.0"
"prediction_1867","real_2396","1.0"
"prediction_9116","real_1386","0.85"
"prediction_5935","real_1140","0.85"
"prediction_8157","real_3605","0.85"
"prediction_10116","real_1962","1.0"
"prediction_8158","real_3602","0.85"
"prediction_677","real_2862","0.85"
"prediction_1239","real_1512","0.85"
"prediction_8850","real_1847","0.85"
"prediction_1878","real_2381","0.85"
"prediction_7045","real_1989","0.85"
"prediction_1258","real_1535","0.85"
"prediction_10069","real_3936","0.85"
"prediction_10064","real_3924","0.85"
"prediction_9767","real_2663","1.0"
"prediction_7898","real_2584","1.0"
"prediction_10060","real_3929","0.85"
"prediction_1268","real_4064","0.85"
"prediction_9492","real_909","0.85"
"prediction_10058","real_3930","0.85"
"prediction_9156","real_1813","1.0"
"prediction_633","real_1936","0.85"
"prediction_9737","real_4146","0.85"
"prediction_9269","real_3410","0.85"
"prediction_9556","real_437","0.85"
"prediction_777","real_3102","0.85"
"prediction_9122","real_1387","0.85"
"prediction_1259","real_4055","0.85"
"prediction_7932","real_3782","0.85"
"prediction_9993","real_3198","1.0"
"prediction_8378","real_1480","0.85"
"prediction_1758","real_2444","0.85"
"prediction_2188","real_2385","1.0"
"prediction_2186","real_2383","1.0"
"prediction_2181","real_2380","1.0"
"prediction_10112","real_1942","1.0"
"prediction_1363","real_667","0.85"
"prediction_1253","real_4053","0.85"
"prediction_10105","real_1945","1.0"
"prediction_10080","real_3943","0.725"
"prediction_10113","real_1948","1.0"
"prediction_1938","real_2767","1.0"
"prediction_2760","real_1937","0.85"
"prediction_8891","real_4318","0.85"
"prediction_8893","real_4319","0.85"
"prediction_8380","real_1488","0.85"
"prediction_7899","real_2575","1.0"
"prediction_9152","real_1811","1.0"
"prediction_8007","real_320","0.85"
"prediction_8898","real_4307","0.85"
"prediction_10078","real_3920","0.85"
"prediction_9266","real_3402","0.85"
"prediction_9121","real_1392","0.85"
"prediction_6069","real_4323","0.85"
"prediction_337","real_4247","1.0"
"prediction_1245","real_4054","0.85"
"prediction_568","real_4279","0.85"
"prediction_10101","real_1961","1.0"
"prediction_558","real_3098","0.85"
"prediction_610","real_2292","0.85"
"prediction_5794","real_1789","0.85"
"prediction_942","real_1120","0.85"
"prediction_10057","real_3941","0.85"
"prediction_696","real_4141","0.85"
"prediction_1298","real_4266","0.85"
"prediction_10103","real_1960","1.0"
"prediction_9984","real_3193","1.0"
"prediction_10081","real_3938","0.85"
"prediction_9267","real_3401","0.85"
"prediction_4634","real_1007","0.85"
"prediction_1804","real_1448","0.85"
"prediction_9982","real_3196","1.0"
"prediction_9196","real_2170","0.85"
"prediction_8377","real_3620","0.85"
"prediction_6315","real_4076","0.85"
"prediction_7055","real_1993","0.725"
"prediction_1305","real_700","1.0"
"prediction_8533","real_3827","1.0"
"prediction_2022","real_2750","1.0"
"prediction_2185","real_2369","1.0"
"prediction_1397","real_1895","0.85"
"prediction_8142","real_3608","0.85"
"prediction_9129","real_1395","0.85"
"prediction_10117","real_1940","1.0"
"prediction_475","real_2818","0.85"
"prediction_7903","real_3781","0.85"
"prediction_618","real_2297","0.85"
"prediction_9578","real_453","0.85"
"prediction_617","real_2298","0.85"
"prediction_9126","real_1399","0.85"
"prediction_7905","real_2572","1.0"
"prediction_1398","real_1892","0.85"
"prediction_7944","real_330","0.85"
"prediction_2194","real_2358","1.0"
"prediction_305","real_788","0.85"
"prediction_616","real_2290","0.85"
"prediction_8012","real_325","0.85"
"prediction_7062","real_1984","0.85"
"prediction_8059","real_2000","0.85"
"prediction_7912","real_3508","0.85"
"prediction_8008","real_332","0.85"
"prediction_2020","real_2753","1.0"
"prediction_611","real_2295","0.85"
"prediction_2193","real_2359","1.0"
"prediction_8011","real_328","0.85"
"prediction_9979","real_3192","1.0"
"prediction_346","real_4248","1.0"
"prediction_8010","real_340","0.85"
"prediction_8886","real_4329","0.85"
"prediction_8013","real_342","0.85"
"prediction_8372","real_229","0.85"
"prediction_2769","real_2018","0.85"
"prediction_2023","real_3718","0.85"
"prediction_3926","real_1654","0.85"
"prediction_9689","real_2527","0.85"
"prediction_10371","real_702","1.0"
"prediction_9636","real_2556","0.85"
"prediction_10333","real_1254","0.85"
"prediction_7910","real_2569","1.0"
"prediction_8338","real_4119","0.85"
"prediction_556","real_4295","0.85"
"prediction_2105","real_3874","0.725"
"prediction_1272","real_3901","0.85"
"prediction_1240","real_2746","0.85"
"prediction_7051","real_1988","0.85"
"prediction_7050","real_1986","0.85"
"prediction_1385","real_1894","0.85"
"prediction_1389","real_1898","0.85"
"prediction_7065","real_1992","0.85"
"prediction_560","real_4293","0.85"
"prediction_1383","real_1893","0.85"
"prediction_570","real_4282","0.85"
"prediction_8525","real_3812","1.0"
"prediction_9607","real_4027","1.0"
"prediction_9118","real_1393","0.85"
"prediction_6876","real_4391","0.85"
"prediction_3814","real_2715","0.85"
"prediction_10012","real_1800","0.85"
"prediction_8302","real_4172","0.85"
"prediction_10079","real_3937","0.85"
"prediction_623","real_2296","0.85"
"prediction_10077","real_3932","0.85"
"prediction_8005","real_341","0.85"
"prediction_2024","real_2769","1.0"
"prediction_9731","real_496","0.85"
"prediction_9779","real_890","0.85"
"prediction_10375","real_1266","0.9"
"prediction_1247","real_4072","0.85"
"prediction_463","real_3899","0.85"
"prediction_1183","real_2685","0.85"
"prediction_7058","real_102","0.85"
"prediction_453","real_3626","0.85"
"prediction_8336","real_2435","1.0"
"prediction_9575","real_2869","0.85"
"prediction_7319","real_3421","0.85"
"prediction_1263","real_1305","0.85"
"prediction_9760","real_4135","0.85"
"prediction_1757","real_3274","0.85"
"prediction_8215","real_3507","0.85"
"prediction_10423","real_826","1.0"
"prediction_7073","real_1991","0.85"
"prediction_8355","real_1868","0.85"
"prediction_6769","real_3041","0.85"
"prediction_1436","real_1144","0.85"
"prediction_8881","real_187","0.85"
"prediction_2796","real_2647","0.85"
"prediction_8323","real_2416","1.0"
"prediction_8652","real_579","1.0"
"prediction_1696","real_2352","0.725"
"prediction_9727","real_217","0.85"
"prediction_1427","real_1114","0.85"
"prediction_8219","real_3516","0.85"
"prediction_8694","real_592","1.0"
"prediction_1487","real_3334","0.725"
"prediction_2789","real_2637","0.85"
"prediction_1762","real_3277","0.85"
"prediction_2799","real_2645","0.85"
"prediction_9966","real_1441","0.85"
"prediction_9776","real_875","0.85"
"prediction_8342","real_2434","1.0"
"prediction_3693","real_545","0.85"
"prediction_8321","real_2418","1.0"
"prediction_9736","real_216","0.85"
"prediction_9734","real_218","0.85"
"prediction_8205","real_3504","0.85"
"prediction_8080","real_1060","0.85"
"prediction_6652","real_4387","0.85"
"prediction_8404","real_598","0.85"
"prediction_6742","real_3748","0.85"
"prediction_2797","real_2633","0.85"
"prediction_8319","real_2431","1.0"
"prediction_8943","real_4219","0.95"
"prediction_9505","real_2836","0.85"
"prediction_8875","real_194","0.85"
"prediction_9401","real_1729","1.0"
"prediction_1756","real_3293","0.85"
"prediction_6644","real_4394","0.85"
"prediction_1986","real_3239","0.85"
"prediction_8876","real_193","0.85"
"prediction_8695","real_583","1.0"
"prediction_8692","real_587","1.0"
"prediction_2792","real_2634","0.85"
"prediction_10004","real_399","1.0"
"prediction_1266","real_4071","0.85"
"prediction_602","real_3665","1.0"
"prediction_8329","real_2424","1.0"
"prediction_10002","real_398","1.0"
"prediction_1262","real_4073","0.85"
"prediction_9786","real_877","0.85"
"prediction_9933","real_2652","1.0"
"prediction_10013","real_2122","0.85"
"prediction_7441","real_395","0.85"
"prediction_9798","real_885","0.85"
"prediction_9769","real_635","1.0"
"prediction_8872","real_197","0.85"
"prediction_1267","real_4070","0.85"
"prediction_1644","real_3136","0.85"
"prediction_9783","real_879","0.85"
"prediction_8685","real_569","1.0"
"prediction_2110","real_628","0.85"
"prediction_9789","real_871","0.85"
"prediction_8690","real_577","1.0"
"prediction_8870","real_198","0.85"
"prediction_9722","real_239","0.85"
"prediction_8871","real_196","0.85"
"prediction_9724","real_235","0.85"
"prediction_1759","real_3290","0.85"
"prediction_8686","real_588","1.0"
"prediction_8877","real_191","0.85"
"prediction_8332","real_2415","1.0"
"prediction_6643","real_4384","0.85"
"prediction_1317","real_3668","0.85"
"prediction_6655","real_4396","0.85"
"prediction_1062","real_2953","0.85"
"prediction_1255","real_4077","0.85"
"prediction_1764","real_3296","0.85"
"prediction_8946","real_4205","0.95"
"prediction_7738","real_3256","0.85"
"prediction_8691","real_574","1.0"
"prediction_8683","real_582","1.0"
"prediction_2793","real_2624","0.85"
"prediction_8954","real_4218","0.95"
"prediction_606","real_3658","1.0"
"prediction_1765","real_3294","0.85"
"prediction_1795","real_2476","0.85"
"prediction_8956","real_4211","0.95"
"prediction_605","real_3655","1.0"
"prediction_1893","real_3165","0.85"
"prediction_1252","real_4078","0.85"
"prediction_6648","real_4389","0.85"
"prediction_603","real_3653","1.0"
"prediction_3225","real_2079","0.85"
"prediction_6654","real_4399","0.85"
"prediction_8950","real_4213","0.95"
"prediction_9797","real_876","0.85"
"prediction_601","real_3661","1.0"
"prediction_9792","real_878","0.85"
"prediction_9248","real_1706","0.85"
"prediction_6649","real_4388","0.85"
"prediction_2798","real_2629","0.85"
"prediction_6768","real_3075","0.85"
"prediction_8693","real_568","1.0"
"prediction_8687","real_575","1.0"
"prediction_8689","real_576","1.0"
"prediction_9733","real_236","0.85"
"prediction_7894","real_4359","0.85"
"prediction_9133","real_1805","1.0"
"prediction_8698","real_566","1.0"
"prediction_3219","real_1707","0.85"
"prediction_8039","real_4016","1.0"
"prediction_7888","real_3159","0.85"
"prediction_10170","real_3692","0.85"
"prediction_9567","real_895","0.85"
"prediction_3992","real_206","0.85"
"prediction_8182","real_3139","0.85"
"prediction_8466","real_593","1.0"
"prediction_10177","real_3693","0.85"
"prediction_7304","real_1018","0.85"
"prediction_9138","real_1808","1.0"
"prediction_2301","real_3831","0.85"
"prediction_8181","real_3142","0.85"
"prediction_8030","real_4022","1.0"
"prediction_433","real_2440","1.0"
"prediction_10418","real_4354","1.0"
"prediction_9550","real_892","0.85"
"prediction_631","real_295","0.875"
"prediction_9231","real_2914","0.85"
"prediction_8036","real_4023","1.0"
"prediction_8699","real_573","1.0"
"prediction_8185","real_3144","0.85"
"prediction_8660","real_3742","0.85"
"prediction_8037","real_4008","1.0"
"prediction_9145","real_1803","1.0"
"prediction_442","real_1686","0.85"
"prediction_476","real_2644","0.85"
"prediction_1275","real_315","0.85"
"prediction_10169","real_3687","0.85"
"prediction_647","real_297","1.0"
"prediction_10175","real_3675","0.85"
"prediction_10178","real_3677","0.85"
"prediction_8098","real_2003","1.0"
"prediction_8095","real_2007","0.85"
"prediction_5522","real_1324","0.85"
"prediction_1376","real_3891","0.85"
"prediction_8040","real_4025","1.0"
"prediction_1330","real_2454","0.85"
"prediction_8794","real_2419","0.85"
"prediction_9148","real_1809","1.0"
"prediction_7702","real_1744","0.85"
"prediction_8183","real_3135","0.85"
"prediction_8031","real_4013","1.0"
"prediction_1746","real_3297","0.85"
"prediction_9379","real_1198","0.85"
"prediction_8028","real_4009","1.0"
"prediction_9654","real_1779","0.85"
"prediction_7863","real_3156","0.85"
"prediction_8024","real_4005","1.0"
"prediction_8019","real_4010","1.0"
"prediction_1545","real_2251","0.85"
"prediction_8834","real_195","0.85"
"prediction_5528","real_1359","0.85"
"prediction_10171","real_3668","0.85"
"prediction_8195","real_4357","0.88"
"prediction_1077","real_1520","0.85"
"prediction_9687","real_3066","0.85"
"prediction_1897","real_3369","0.85"
"prediction_9547","real_897","0.85"
"prediction_8050","real_3032","1.0"
"prediction_7942","real_4018","1.0"
"prediction_7096","real_3090","0.85"
"prediction_9803","real_2564","0.85"
"prediction_8315","real_1450","0.85"
"prediction_1378","real_3898","0.85"
"prediction_1373","real_3897","0.7333333333333333"
"prediction_8061","real_3023","1.0"
"prediction_10011","real_3551","0.85"
"prediction_8016","real_4024","1.0"
"prediction_8017","real_4003","1.0"
"prediction_9729","real_2640","0.85"
"prediction_8197","real_4361","0.88"
"prediction_9849","real_2521","0.85"
"prediction_1890","real_3381","0.85"
"prediction_8014","real_4007","1.0"
"prediction_8015","real_4004","1.0"
"prediction_8025","real_4019","1.0"
"prediction_8592","real_1672","0.85"
"prediction_1208","real_3553","0.85"
"prediction_8055","real_3017","1.0"
"prediction_8682","real_3744","0.85"
"prediction_9956","real_2671","0.85"
"prediction_9552","real_899","0.85"
"prediction_1367","real_3895","0.85"
"prediction_10162","real_3673","0.85"
"prediction_8062","real_3031","1.0"
"prediction_8180","real_3157","0.85"
"prediction_8063","real_3034","1.0"
"prediction_6813","real_238","0.85"
"prediction_1726","real_2084","0.85"
"prediction_10167","real_3670","0.85"
"prediction_9628","real_300","0.85"
"prediction_8196","real_4374","0.88"
"prediction_8018","real_4015","1.0"
"prediction_8022","real_4026","1.0"
"prediction_8027","real_4021","1.0"
