"real_1532","prediction_6811","0.9"
"real_469","prediction_9010","0.9"
"real_3039","prediction_6849","0.9"
"real_1167","prediction_308","0.9"
"real_3056","prediction_6863","0.9"
"real_3048","prediction_6854","0.9"
"real_2440","prediction_433","1.0"
"real_4152","prediction_9064","0.9"
"real_1894","prediction_1385","0.9"
"real_1893","prediction_1383","0.9"
"real_2749","prediction_2034","1.0"
"real_2312","prediction_5222","0.9"
"real_3043","prediction_6858","0.9"
"real_187","prediction_8881","0.9"
"real_4295","prediction_556","0.9"
"real_620","prediction_8483","0.7333333333333334"
"real_3631","prediction_8761","0.9"
"real_3049","prediction_6851","0.9"
"real_489","prediction_9024","0.9"
"real_609","prediction_8468","1.0"
"real_486","prediction_9028","0.9"
"real_2449","prediction_439","1.0"
"real_617","prediction_8473","1.0"
"real_2754","prediction_2042","1.0"
"real_4157","prediction_9073","0.9"
"real_2756","prediction_2043","1.0"
"real_2451","prediction_447","1.0"
"real_483","prediction_9025","0.9"
"real_918","prediction_1686","0.9"
"real_3154","prediction_7909","0.9"
"real_488","prediction_9020","0.9"
"real_2744","prediction_9130","0.9"
"real_203","prediction_9004","0.9"
"real_1906","prediction_1406","0.9"
"real_4281","prediction_557","0.9"
"real_3054","prediction_6853","0.9"
"real_2752","prediction_2037","1.0"
"real_427","prediction_9480","0.7333333333333334"
"real_3329","prediction_1100","0.9"
"real_253","prediction_7990","0.9"
"real_2446","prediction_446","0.7333333333333334"
"real_2447","prediction_445","1.0"
"real_2441","prediction_444","1.0"
"real_3042","prediction_6866","0.9"
"real_1903","prediction_1407","0.9"
"real_2775","prediction_507","0.9"
"real_1880","prediction_1384","0.9"
"real_3046","prediction_6867","0.9"
"real_2445","prediction_443","1.0"
"real_1885","prediction_1388","0.9"
"real_3626","prediction_453","0.9"
"real_3047","prediction_6865","0.9"
"real_3096","prediction_775","0.9"
"real_193","prediction_8876","0.9"
"real_194","prediction_8875","0.9"
"real_2442","prediction_440","0.75"
"real_191","prediction_8877","0.9"
"real_1685","prediction_9236","0.9"
"real_2622","prediction_612","0.9"
"real_3911","prediction_3279","0.9"
"real_2758","prediction_2031","0.7333333333333334"
"real_3050","prediction_6868","0.9"
"real_468","prediction_9011","0.9"
"real_3272","prediction_10179","0.9"
"real_4142","prediction_8942","0.8"
"real_1214","prediction_628","0.9"
"real_614","prediction_8480","1.0"
"real_3333","prediction_1106","0.9"
"real_1741","prediction_4855","0.9"
"real_3534","prediction_363","1.0"
"real_2757","prediction_2032","1.0"
"real_1990","prediction_7112","0.9"
"real_1961","prediction_10101","1.0"
"real_1878","prediction_1381","0.9"
"real_616","prediction_8488","1.0"
"real_417","prediction_7083","0.9"
"real_3332","prediction_1104","0.9"
"real_612","prediction_8486","1.0"
"real_1025","prediction_673","0.9"
"real_487","prediction_9030","0.9"
"real_3950","prediction_7892","0.9"
"real_3335","prediction_1101","0.9"
"real_480","prediction_9035","0.9"
"real_2459","prediction_437","1.0"
"real_2865","prediction_2172","0.9"
"real_1596","prediction_5645","0.9"
"real_4292","prediction_575","0.9"
"real_2176","prediction_9677","0.9"
"real_4298","prediction_572","0.9"
"real_3681","prediction_9743","0.9"
"real_1884","prediction_1399","0.9"
"real_1960","prediction_10103","1.0"
"real_784","prediction_10195","0.9"
"real_196","prediction_8871","0.9"
"real_3554","prediction_9877","1.0"
"real_4158","prediction_9087","1.0"
"real_197","prediction_8872","0.9"
"real_3314","prediction_1109","0.9"
"real_1620","prediction_10024","0.9"
"real_3546","prediction_9865","1.0"
"real_198","prediction_8870","0.9"
"real_333","prediction_5640","0.9"
"real_4290","prediction_574","0.9"
"real_2755","prediction_2027","0.7333333333333334"
"real_248","prediction_7979","0.9"
"real_2086","prediction_9322","0.9"
"real_420","prediction_9466","1.0"
"real_2851","prediction_2162","0.9"
"real_2584","prediction_7898","1.0"
"real_3325","prediction_1108","0.9"
"real_4231","prediction_9391","0.9"
"real_2753","prediction_2020","1.0"
"real_3323","prediction_1105","0.9"
"real_2573","prediction_7889","1.0"
"real_1369","prediction_2924","0.9"
"real_3553","prediction_9871","1.0"
"real_702","prediction_10371","1.0"
"real_1876","prediction_1393","0.9"
"real_1459","prediction_9277","0.9"
"real_2750","prediction_2022","1.0"
"real_2113","prediction_9886","0.9"
"real_1147","prediction_9808","0.9"
"real_1892","prediction_1398","0.9"
"real_518","prediction_1241","0.9"
"real_425","prediction_9462","0.7333333333333334"
"real_646","prediction_7008","0.9"
"real_3899","prediction_463","0.9"
"real_2111","prediction_9899","0.9"
"real_2577","prediction_7895","1.0"
"real_346","prediction_8170","0.9"
"real_2839","prediction_9479","0.9"
"real_429","prediction_9461","1.0"
"real_247","prediction_7986","0.9"
"real_3309","prediction_1102","0.9"
"real_1962","prediction_10116","1.0"
"real_1895","prediction_1397","0.9"
"real_4294","prediction_563","0.9"
"real_259","prediction_7971","0.9"
"real_1898","prediction_1389","0.9"
"real_4297","prediction_566","0.9"
"real_1891","prediction_1391","0.9"
"real_4291","prediction_562","0.9"
"real_3559","prediction_9867","1.0"
"real_4293","prediction_560","0.9"
"real_4282","prediction_570","0.9"
"real_3421","prediction_7319","0.9"
"real_423","prediction_9465","0.7333333333333334"
"real_2574","prediction_7893","1.0"
"real_2570","prediction_7890","1.0"
"real_2575","prediction_7899","1.0"
"real_2909","prediction_9570","0.9"
"real_114","prediction_9170","0.9"
"real_432","prediction_9469","0.7333333333333334"
"real_251","prediction_7977","0.9"
"real_1448","prediction_1804","0.9"
"real_3064","prediction_6873","0.9"
"real_1914","prediction_9959","0.9"
"real_1032","prediction_688","0.9"
"real_4159","prediction_8999","1.0"
"real_254","prediction_7976","0.9"
"real_250","prediction_7973","0.9"
"real_3313","prediction_1103","0.9"
"real_3564","prediction_9868","1.0"
"real_844","prediction_9616","0.9"
"real_2932","prediction_9366","0.9"
"real_1314","prediction_3269","0.9"
"real_3755","prediction_6687","0.9"
"real_2774","prediction_2026","1.0"
"real_2099","prediction_10199","0.9"
"real_2762","prediction_2016","0.7333333333333334"
"real_3563","prediction_9863","1.0"
"real_2772","prediction_2028","0.9166666666666666"
"real_2931","prediction_9360","0.9"
"real_1951","prediction_10114","1.0"
"real_4193","prediction_8965","0.9666666666666667"
"real_1956","prediction_10115","1.0"
"real_2208","prediction_670","0.7"
"real_2847","prediction_9451","0.9"
"real_1945","prediction_10105","1.0"
"real_4194","prediction_8961","0.9666666666666667"
"real_428","prediction_9456","0.7333333333333334"
"real_1948","prediction_10113","1.0"
"real_2930","prediction_9362","0.9"
"real_1219","prediction_9051","0.9"
"real_401","prediction_10009","1.0"
"real_404","prediction_10007","0.7"
"real_3749","prediction_1999","0.9"
"real_1879","prediction_6099","0.9"
"real_256","prediction_7968","0.9"
"real_1942","prediction_10112","1.0"
"real_1040","prediction_489","0.9"
"real_430","prediction_9458","0.7333333333333334"
"real_1616","prediction_10204","0.9"
"real_3562","prediction_9861","1.0"
"real_3565","prediction_9860","1.0"
"real_2081","prediction_10184","1.0"
"real_1042","prediction_486","0.9"
"real_754","prediction_9343","0.9"
"real_1909","prediction_9932","0.9"
"real_3571","prediction_9873","1.0"
"real_4328","prediction_8917","0.9"
"real_1039","prediction_477","0.9"
"real_2639","prediction_10088","0.9"
"real_2098","prediction_10192","0.9166666666666666"
"real_1043","prediction_482","0.9"
"real_2093","prediction_10197","1.0"
"real_3570","prediction_9866","1.0"
"real_195","prediction_8834","0.9"
"real_1095","prediction_8312","0.9"
"real_3033","prediction_8108","0.9"
"real_2986","prediction_9165","0.9"
"real_3583","prediction_8426","0.9"
"real_2077","prediction_10187","1.0"
"real_2760","prediction_2029","0.7333333333333334"
"real_299","prediction_472","0.9"
"real_545","prediction_3693","0.9"
"real_1955","prediction_10106","0.7"
"real_1940","prediction_10117","1.0"
"real_2480","prediction_1894","0.9"
"real_3415","prediction_9546","0.9"
"real_2769","prediction_2024","1.0"
"real_2843","prediction_9442","0.9"
"real_2664","prediction_614","0.9"
"real_1958","prediction_10104","0.9166666666666666"
"real_2844","prediction_9443","0.9"
"real_2486","prediction_1896","0.9"
"real_1034","prediction_484","0.9"
"real_1918","prediction_9930","0.9"
"real_1038","prediction_487","0.9"
"real_2764","prediction_2021","0.75"
"real_1535","prediction_1258","0.9"
"real_421","prediction_9455","1.0"
"real_1037","prediction_483","0.9"
"real_1721","prediction_1683","0.9"
"real_1232","prediction_10094","0.9"
"real_476","prediction_9046","0.9"
"real_1305","prediction_1263","0.9"
"real_3542","prediction_9672","0.9"
"real_636","prediction_9232","0.9"
"real_1263","prediction_6747","0.9"
"real_1376","prediction_3228","0.9"
"real_481","prediction_9008","0.9"
"real_2073","prediction_10193","1.0"
"real_2518","prediction_6885","0.9"
"real_2465","prediction_430","1.0"
"real_1138","prediction_8177","0.9"
"real_1399","prediction_9126","0.9"
"real_2911","prediction_9368","0.9"
"real_2078","prediction_10196","1.0"
"real_647","prediction_6950","0.9"
"real_1386","prediction_9116","0.9"
"real_2912","prediction_9363","0.9"
"real_2842","prediction_9434","0.9"
"real_2258","prediction_7390","0.9"
"real_1392","prediction_9121","0.9"
"real_2840","prediction_9437","0.9"
"real_415","prediction_10001","1.0"
"real_2765","prediction_2035","1.0"
"real_1395","prediction_9129","0.9"
"real_1078","prediction_3173","0.9"
"real_1030","prediction_452","0.9"
"real_474","prediction_9031","0.9"
"real_2460","prediction_434","0.7333333333333334"
"real_2464","prediction_438","0.9"
"real_1099","prediction_8320","0.9"
"real_4397","prediction_3366","0.9"
"real_2983","prediction_8813","0.9"
"real_1457","prediction_1848","0.9"
"real_490","prediction_9014","0.9"
"real_2761","prediction_2033","1.0"
"real_2773","prediction_2038","1.0"
"real_1387","prediction_9122","0.9"
"real_1029","prediction_478","0.9"
"real_2085","prediction_10190","0.7333333333333334"
"real_2368","prediction_1996","0.9"
"real_2462","prediction_449","1.0"
"real_916","prediction_9544","0.8"
"real_2457","prediction_450","1.0"
"real_1027","prediction_480","0.9"
"real_2458","prediction_451","1.0"
"real_1924","prediction_10121","0.7333333333333334"
"real_1923","prediction_10122","1.0"
"real_3093","prediction_9141","0.9"
"real_412","prediction_10010","1.0"
"real_2768","prediction_2044","1.0"
"real_413","prediction_10008","0.7333333333333334"
"real_1008","prediction_6988","0.9"
"real_1928","prediction_10119","1.0"
"real_4012","prediction_3489","0.9"
"real_1018","prediction_7304","0.9"
"real_887","prediction_3591","0.9"
"real_1939","prediction_10102","1.0"
"real_2766","prediction_2041","1.0"
"real_1788","prediction_6810","0.9"
"real_1393","prediction_9118","0.9"
"real_479","prediction_9027","0.9"
"real_913","prediction_9549","0.9"
"real_475","prediction_9022","0.9"
"real_2984","prediction_8823","0.9"
"real_482","prediction_9012","0.9"
"real_3725","prediction_1782","0.9"
"real_3116","prediction_6958","0.9"
"real_2767","prediction_1938","1.0"
"real_2461","prediction_441","1.0"
"real_2018","prediction_8100","1.0"
"real_3405","prediction_9309","0.9"
"real_2017","prediction_8102","1.0"
"real_4228","prediction_6445","0.9"
"real_143","prediction_1070","0.8400000000000001"
"real_3412","prediction_9318","0.9"
"real_3817","prediction_8517","0.7333333333333334"
"real_154","prediction_1084","0.9400000000000001"
"real_2280","prediction_9589","0.9"
"real_138","prediction_1064","0.8"
"real_3736","prediction_2046","0.9"
"real_2857","prediction_2805","0.9"
"real_3890","prediction_1834","1.0"
"real_2240","prediction_2451","0.9"
"real_3404","prediction_9303","0.9"
"real_3603","prediction_9016","0.9"
"real_3741","prediction_2053","0.9"
"real_142","prediction_1076","0.7000000000000001"
"real_1022","prediction_6997","0.9"
"real_3747","prediction_2051","0.9"
"real_3406","prediction_9306","0.9"
"real_3814","prediction_8516","1.0"
"real_3889","prediction_2196","0.9"
"real_147","prediction_1072","0.9400000000000001"
"real_1926","prediction_10129","1.0"
"real_3693","prediction_10177","0.9"
"real_402","prediction_9657","0.9"
"real_4130","prediction_8765","0.9333333333333333"
"real_2848","prediction_9412","0.9"
"real_4247","prediction_337","1.0"
"real_1800","prediction_10012","0.9"
"real_1151","prediction_3494","0.9"
"real_3692","prediction_10170","0.9"
"real_3687","prediction_10169","0.9"
"real_3738","prediction_2049","0.9"
"real_4229","prediction_577","0.9"
"real_1508","prediction_1432","0.925"
"real_1507","prediction_1431","0.925"
"real_701","prediction_1280","0.7333333333333334"
"real_633","prediction_8416","0.9"
"real_4128","prediction_8760","0.9333333333333333"
"real_3735","prediction_2030","0.9"
"real_2016","prediction_8115","1.0"
"real_2012","prediction_8111","1.0"
"real_2009","prediction_8116","0.95"
"real_2122","prediction_10013","0.9"
"real_914","prediction_9566","0.9"
"real_145","prediction_1069","0.9400000000000001"
"real_4104","prediction_8756","0.9333333333333333"
"real_1060","prediction_8080","0.9"
"real_915","prediction_9560","0.9"
"real_3690","prediction_10181","0.9"
"real_1017","prediction_6993","0.9"
"real_160","prediction_1089","0.9400000000000001"
"real_1023","prediction_6987","0.9"
"real_1026","prediction_6989","0.9"
"real_1011","prediction_6994","0.9"
"real_134","prediction_1074","0.9400000000000001"
"real_2058","prediction_8153","0.9"
"real_3639","prediction_1856","0.9"
"real_2567","prediction_721","0.9"
"real_3670","prediction_10167","0.9"
"real_1407","prediction_1347","0.9"
"real_1934","prediction_10134","1.0"
"real_2020","prediction_8107","1.0"
"real_654","prediction_1349","0.9"
"real_1932","prediction_10131","0.7"
"real_1930","prediction_10137","1.0"
"real_1509","prediction_1424","0.925"
"real_3691","prediction_10185","0.9"
"real_505","prediction_10335","1.0"
"real_2862","prediction_677","0.9"
"real_1821","prediction_10025","0.9"
"real_973","prediction_6804","0.9"
"real_4111","prediction_8758","0.9333333333333333"
"real_2219","prediction_8077","0.9"
"real_3673","prediction_10162","0.9"
"real_799","prediction_273","1.0"
"real_235","prediction_9724","0.9"
"real_4105","prediction_8767","0.9333333333333333"
"real_2201","prediction_658","1.0"
"real_667","prediction_1363","0.9"
"real_140","prediction_1091","0.9400000000000001"
"real_1109","prediction_1791","0.9"
"real_3616","prediction_7993","0.9"
"real_239","prediction_9722","0.9"
"real_3613","prediction_7994","0.9"
"real_2232","prediction_8094","0.9"
"real_4243","prediction_345","1.0"
"real_3532","prediction_1147","0.9"
"real_2231","prediction_8093","0.9"
"real_137","prediction_1081","0.9400000000000001"
"real_2640","prediction_9729","0.9"
"real_4151","prediction_9000","1.0"
"real_136","prediction_1083","0.9400000000000001"
"real_4232","prediction_343","1.0"
"real_3561","prediction_10062","0.9"
"real_4244","prediction_357","0.7333333333333334"
"real_4233","prediction_347","0.7333333333333334"
"real_4280","prediction_5402","0.9"
"real_1516","prediction_1421","0.925"
"real_2202","prediction_652","1.0"
"real_4117","prediction_8771","0.9333333333333333"
"real_4379","prediction_8773","0.9"
"real_2206","prediction_655","0.7333333333333334"
"real_4236","prediction_341","1.0"
"real_4199","prediction_8949","0.9666666666666667"
"real_3971","prediction_1068","0.9"
"real_1511","prediction_1422","0.925"
"real_4115","prediction_8766","0.9333333333333333"
"real_4125","prediction_8777","0.9333333333333333"
"real_4234","prediction_340","1.0"
"real_3551","prediction_10011","0.9"
"real_157","prediction_1075","0.9400000000000001"
"real_4241","prediction_351","1.0"
"real_3709","prediction_6874","0.9"
"real_156","prediction_1079","0.9400000000000001"
"real_4121","prediction_8763","0.9333333333333333"
"real_4116","prediction_8769","0.7333333333333334"
"real_1707","prediction_3219","0.9"
"real_4187","prediction_8294","0.9"
"real_2001","prediction_8103","1.0"
"real_535","prediction_1485","0.9"
"real_4160","prediction_9001","1.0"
"real_4242","prediction_359","1.0"
"real_4324","prediction_8998","0.9"
"real_2824","prediction_7242","0.9"
"real_925","prediction_9572","0.9"
"real_1994","prediction_940","0.9"
"real_3461","prediction_10189","0.9"
"real_2221","prediction_8092","0.9"
"real_1491","prediction_1409","0.9400000000000001"
"real_3928","prediction_342","0.9"
"real_4245","prediction_344","1.0"
"real_1905","prediction_6775","0.9"
"real_2203","prediction_660","0.7333333333333334"
"real_262","prediction_7969","0.9"
"real_4196","prediction_8952","0.9666666666666667"
"real_1494","prediction_1418","0.925"
"real_4248","prediction_346","1.0"
"real_2021","prediction_3666","0.9"
"real_2370","prediction_8243","0.9"
"real_4238","prediction_354","0.7333333333333334"
"real_2644","prediction_476","0.9"
"real_3718","prediction_2023","0.9"
"real_4239","prediction_350","0.7333333333333334"
"real_4113","prediction_8778","0.9333333333333333"
"real_2207","prediction_663","0.9"
"real_2200","prediction_666","1.0"
"real_2671","prediction_9956","0.9"
"real_4132","prediction_8757","0.9333333333333333"
"real_2006","prediction_8106","1.0"
"real_3667","prediction_10183","0.9"
"real_3308","prediction_1110","0.9"
"real_546","prediction_8543","0.9"
"real_3192","prediction_9979","1.0"
"real_2029","prediction_4685","0.9"
"real_4032","prediction_776","0.9"
"real_697","prediction_6321","0.9"
"real_1996","prediction_8118","1.0"
"real_3197","prediction_9974","0.7333333333333334"
"real_2904","prediction_9528","0.9"
"real_2648","prediction_9926","1.0"
"real_217","prediction_9727","0.9"
"real_1545","prediction_9748","0.9"
"real_554","prediction_8551","0.9"
"real_2652","prediction_9933","1.0"
"real_1486","prediction_8707","0.9"
"real_2055","prediction_2474","0.9"
"real_4136","prediction_9089","1.0"
"real_4230","prediction_356","1.0"
"real_560","prediction_8550","0.9"
"real_3312","prediction_1119","0.9"
"real_4137","prediction_9094","0.7"
"real_1148","prediction_7844","0.9"
"real_4226","prediction_358","0.75"
"real_1998","prediction_8113","0.7333333333333334"
"real_1995","prediction_8114","1.0"
"real_880","prediction_9653","0.9"
"real_261","prediction_7975","0.9"
"real_3324","prediction_1122","0.9"
"real_2651","prediction_9920","0.7333333333333334"
"real_2638","prediction_2803","0.9"
"real_4221","prediction_352","1.0"
"real_4222","prediction_353","1.0"
"real_263","prediction_7974","0.9"
"real_3503","prediction_8194","0.9"
"real_264","prediction_7972","0.9"
"real_2408","prediction_1885","1.0"
"real_260","prediction_7980","0.9"
"real_2927","prediction_9535","0.9"
"real_3668","prediction_10171","0.9"
"real_3242","prediction_8590","0.9"
"real_1712","prediction_9559","0.9"
"real_1441","prediction_9966","0.9"
"real_802","prediction_7077","0.9"
"real_269","prediction_7984","0.9"
"real_3307","prediction_1125","0.9"
"real_265","prediction_7981","0.9"
"real_3243","prediction_8593","0.9"
"real_3098","prediction_558","0.9"
"real_1999","prediction_8105","0.95"
"real_4141","prediction_696","0.9"
"real_4279","prediction_568","0.9"
"real_2580","prediction_7860","0.9"
"real_3253","prediction_9799","0.9"
"real_2646","prediction_2800","0.9"
"real_4148","prediction_9097","1.0"
"real_3322","prediction_1117","0.9"
"real_956","prediction_2202","0.9"
"real_1198","prediction_9379","0.9"
"real_2643","prediction_2801","0.9"
"real_4220","prediction_349","0.7333333333333334"
"real_4149","prediction_9091","1.0"
"real_2935","prediction_1220","0.9"
"real_3137","prediction_3715","0.9"
"real_3196","prediction_9982","1.0"
"real_666","prediction_1554","0.9"
"real_2412","prediction_1881","0.8"
"real_3193","prediction_9984","1.0"
"real_267","prediction_7989","0.9"
"real_2568","prediction_7841","1.0"
"real_1512","prediction_1239","0.9"
"real_1826","prediction_10066","0.9"
"real_4147","prediction_9090","1.0"
"real_3560","prediction_7010","0.9"
"real_2014","prediction_8121","1.0"
"real_3505","prediction_8165","0.9"
"real_3642","prediction_600","1.0"
"real_3720","prediction_2052","0.9"
"real_1611","prediction_9699","0.8"
"real_2565","prediction_2086","0.9"
"real_3239","prediction_8592","0.9"
"real_2378","prediction_2124","1.0"
"real_2067","prediction_915","0.9"
"real_2662","prediction_9913","1.0"
"real_2526","prediction_2099","0.9"
"real_2402","prediction_1866","0.75"
"real_688","prediction_1301","0.7333333333333334"
"real_2665","prediction_9917","1.0"
"real_555","prediction_8536","0.9"
"real_2670","prediction_9925","1.0"
"real_4223","prediction_338","1.0"
"real_2406","prediction_1869","1.0"
"real_297","prediction_647","1.0"
"real_3677","prediction_10178","0.9"
"real_3330","prediction_1118","0.9"
"real_3683","prediction_10182","0.9"
"real_3675","prediction_10175","0.9"
"real_4001","prediction_8838","0.9"
"real_3316","prediction_1142","0.9"
"real_4140","prediction_9084","1.0"
"real_3510","prediction_8175","0.9"
"real_3781","prediction_7903","0.9"
"real_1912","prediction_10090","1.0"
"real_3729","prediction_2068","0.9"
"real_602","prediction_8489","1.0"
"real_2123","prediction_9229","0.9"
"real_3731","prediction_2057","0.9"
"real_295","prediction_631","0.9"
"real_4212","prediction_10404","0.9"
"real_4376","prediction_9096","0.9"
"real_3234","prediction_8589","0.9"
"real_3721","prediction_2061","0.9"
"real_2666","prediction_9912","1.0"
"real_2618","prediction_8755","0.9"
"real_2409","prediction_1863","1.0"
"real_2226","prediction_7941","0.9"
"real_2668","prediction_9910","1.0"
"real_675","prediction_1303","1.0"
"real_2982","prediction_8642","0.9"
"real_2401","prediction_1876","1.0"
"real_2660","prediction_9924","1.0"
"real_2407","prediction_1879","1.0"
"real_886","prediction_10240","0.9"
"real_3796","prediction_7913","0.9"
"real_1730","prediction_9307","0.9"
"real_2410","prediction_1865","1.0"
"real_2939","prediction_6131","0.9"
"real_323","prediction_4050","0.9"
"real_3331","prediction_1120","0.9"
"real_2390","prediction_7059","0.9"
"real_3672","prediction_10186","0.9"
"real_955","prediction_2183","0.9"
"real_2620","prediction_1456","0.9"
"real_3665","prediction_602","1.0"
"real_2314","prediction_8494","1.0"
"real_3661","prediction_601","1.0"
"real_2318","prediction_8493","1.0"
"real_1925","prediction_10089","1.0"
"real_352","prediction_10215","0.9"
"real_2351","prediction_2129","1.0"
"real_357","prediction_10217","0.9"
"real_3841","prediction_10141","0.9"
"real_358","prediction_10214","0.8166666666666667"
"real_2356","prediction_2126","0.7333333333333334"
"real_2455","prediction_1273","0.9"
"real_934","prediction_2163","0.9"
"real_4307","prediction_8898","0.9"
"real_4097","prediction_9499","0.7333333333333334"
"real_3257","prediction_9940","1.0"
"real_760","prediction_9939","0.9"
"real_3958","prediction_8213","0.9"
"real_2212","prediction_8137","0.9"
"real_534","prediction_9703","0.9"
"real_294","prediction_9329","0.9"
"real_3410","prediction_9269","0.9"
"real_398","prediction_10002","1.0"
"real_1626","prediction_1995","0.9"
"real_3508","prediction_7912","0.9"
"real_4198","prediction_3449","0.9"
"real_1920","prediction_10087","0.7333333333333334"
"real_1077","prediction_2269","0.9"
"real_3653","prediction_603","1.0"
"real_1161","prediction_6934","0.9"
"real_2418","prediction_8321","1.0"
"real_2416","prediction_8323","1.0"
"real_2350","prediction_2135","1.0"
"real_284","prediction_9324","0.9"
"real_729","prediction_403","1.0"
"real_355","prediction_10229","0.9"
"real_399","prediction_10004","1.0"
"real_351","prediction_10224","0.9"
"real_2328","prediction_8490","1.0"
"real_285","prediction_9320","0.9"
"real_725","prediction_404","0.7333333333333334"
"real_3854","prediction_10165","0.9"
"real_4319","prediction_8893","0.9"
"real_588","prediction_8686","1.0"
"real_4318","prediction_8891","0.9"
"real_3359","prediction_5470","0.8166666666666667"
"real_579","prediction_8652","1.0"
"real_2434","prediction_8342","1.0"
"real_1266","prediction_10375","0.9333333333333333"
"real_3655","prediction_605","1.0"
"real_3658","prediction_606","1.0"
"real_928","prediction_7093","0.9"
"real_359","prediction_10235","0.9"
"real_2215","prediction_8125","0.9"
"real_2218","prediction_8123","0.9"
"real_362","prediction_10222","0.9"
"real_2323","prediction_8495","1.0"
"real_2320","prediction_8497","1.0"
"real_289","prediction_9328","0.9"
"real_2210","prediction_8120","0.9"
"real_1190","prediction_9467","0.9"
"real_367","prediction_10223","0.9"
"real_365","prediction_10220","0.9"
"real_354","prediction_10233","0.9"
"real_2591","prediction_7908","1.0"
"real_4119","prediction_8338","0.9"
"real_716","prediction_401","1.0"
"real_1874","prediction_8856","0.9"
"real_350","prediction_10239","0.9"
"real_3610","prediction_8143","0.9333333333333333"
"real_992","prediction_648","1.0"
"real_257","prediction_3636","0.9"
"real_999","prediction_695","1.0"
"real_758","prediction_8738","1.0"
"real_710","prediction_402","1.0"
"real_576","prediction_8689","1.0"
"real_2342","prediction_2139","0.7333333333333334"
"real_1997","prediction_8097","1.0"
"real_3894","prediction_1286","0.9"
"real_575","prediction_8687","1.0"
"real_2346","prediction_2137","1.0"
"real_1809","prediction_9148","1.0"
"real_3611","prediction_8147","0.9"
"real_750","prediction_8736","1.0"
"real_3614","prediction_8146","0.9"
"real_2025","prediction_7097","0.9"
"real_2340","prediction_2132","1.0"
"real_1689","prediction_9822","1.0"
"real_894","prediction_9197","0.9"
"real_582","prediction_8683","1.0"
"real_1193","prediction_9497","0.7333333333333334"
"real_2235","prediction_8133","0.9"
"real_2349","prediction_2134","0.7333333333333334"
"real_1950","prediction_10097","1.0"
"real_1803","prediction_9145","1.0"
"real_3198","prediction_9993","1.0"
"real_2170","prediction_9196","0.9"
"real_1952","prediction_10096","1.0"
"real_3671","prediction_10085","0.9"
"real_707","prediction_405","1.0"
"real_2222","prediction_8127","0.9"
"real_2399","prediction_1900","0.9"
"real_2590","prediction_7904","1.0"
"real_713","prediction_400","1.0"
"real_3521","prediction_8186","0.9"
"real_2285","prediction_608","0.9"
"real_1199","prediction_9494","0.7333333333333334"
"real_2284","prediction_607","0.9"
"real_2230","prediction_8136","0.9"
"real_2233","prediction_8134","0.9"
"real_1959","prediction_10095","1.0"
"real_1692","prediction_9823","1.0"
"real_3984","prediction_1115","0.9"
"real_2000","prediction_8059","0.9"
"real_1388","prediction_8442","0.9"
"real_1694","prediction_9827","1.0"
"real_1196","prediction_9490","1.0"
"real_216","prediction_9736","0.9"
"real_744","prediction_8733","1.0"
"real_3612","prediction_8151","0.9"
"real_749","prediction_8737","1.0"
"real_888","prediction_9800","0.9"
"real_2448","prediction_7146","0.9"
"real_1081","prediction_2242","0.9"
"real_3982","prediction_1387","0.9"
"real_278","prediction_9312","0.9"
"real_218","prediction_9734","0.9"
"real_747","prediction_8732","1.0"
"real_569","prediction_8685","1.0"
"real_2236","prediction_8129","0.9"
"real_2747","prediction_9614","0.9"
"real_2341","prediction_2128","1.0"
"real_3615","prediction_8156","0.9"
"real_812","prediction_4694","0.9"
"real_1691","prediction_9821","1.0"
"real_1808","prediction_9138","1.0"
"real_884","prediction_9803","0.9"
"real_2497","prediction_1282","0.9"
"real_2163","prediction_536","1.0"
"real_3402","prediction_9266","0.9"
"real_2223","prediction_8138","0.9"
"real_1805","prediction_9133","1.0"
"real_2162","prediction_539","1.0"
"real_2338","prediction_2136","1.0"
"real_1983","prediction_7982","0.9"
"real_1804","prediction_9132","0.7"
"real_2228","prediction_8130","0.9"
"real_1836","prediction_9186","0.9"
"real_1248","prediction_1226","0.9"
"real_4225","prediction_360","1.0"
"real_3401","prediction_9267","0.9"
"real_1946","prediction_10098","1.0"
"real_274","prediction_9315","0.9"
"real_1659","prediction_1991","1.0"
"real_1944","prediction_10099","1.0"
"real_1698","prediction_9828","0.7333333333333334"
"real_2227","prediction_8131","0.9"
"real_4224","prediction_362","1.0"
"real_2033","prediction_7088","0.9"
"real_2050","prediction_8053","0.9"
"real_2572","prediction_7905","1.0"
"real_3605","prediction_8157","0.9"
"real_568","prediction_8693","1.0"
"real_741","prediction_8742","0.7333333333333334"
"real_745","prediction_8746","1.0"
"real_2031","prediction_7089","0.9"
"real_629","prediction_9831","1.0"
"real_1588","prediction_10227","0.9"
"real_3902","prediction_1368","0.9"
"real_2015","prediction_9045","0.9"
"real_639","prediction_9848","1.0"
"real_1254","prediction_10333","0.9"
"real_2157","prediction_533","1.0"
"real_2158","prediction_534","1.0"
"real_627","prediction_9838","1.0"
"real_2149","prediction_535","1.0"
"real_2038","prediction_7087","0.9"
"real_2150","prediction_531","1.0"
"real_566","prediction_8698","1.0"
"real_1222","prediction_10381","0.9"
"real_2152","prediction_532","1.0"
"real_3346","prediction_1095","0.9"
"real_3602","prediction_8158","0.9"
"real_2708","prediction_8721","1.0"
"real_1495","prediction_1426","0.925"
"real_1726","prediction_9261","1.0"
"real_3908","prediction_1365","0.9"
"real_1390","prediction_8427","0.9"
"real_1706","prediction_9248","0.9"
"real_4300","prediction_565","0.9"
"real_4392","prediction_6126","0.9"
"real_4235","prediction_361","1.0"
"real_1968","prediction_6719","0.9"
"real_1699","prediction_9815","1.0"
"real_632","prediction_9845","1.0"
"real_893","prediction_7434","0.9"
"real_496","prediction_9731","0.9"
"real_574","prediction_8691","1.0"
"real_236","prediction_9733","0.9"
"real_1498","prediction_1420","0.925"
"real_4135","prediction_9760","0.9"
"real_276","prediction_9333","0.9"
"real_577","prediction_8690","1.0"
"real_272","prediction_9332","0.9"
"real_3470","prediction_5792","0.9"
"real_2041","prediction_7086","0.9"
"real_3892","prediction_1274","0.9"
"real_573","prediction_8699","1.0"
"real_1497","prediction_1429","0.925"
"real_3608","prediction_8142","0.9"
"real_2777","prediction_2762","0.9"
"real_690","prediction_10367","1.0"
"real_3989","prediction_7071","0.9"
"real_2047","prediction_7085","0.9"
"real_2587","prediction_7906","1.0"
"real_2144","prediction_530","1.0"
"real_2142","prediction_537","1.0"
"real_2156","prediction_527","1.0"
"real_583","prediction_8695","1.0"
"real_706","prediction_6992","0.9"
"real_1725","prediction_9275","0.9"
"real_2713","prediction_8723","1.0"
"real_593","prediction_8466","1.0"
"real_641","prediction_9847","0.7333333333333334"
"real_2153","prediction_528","1.0"
"real_644","prediction_9842","1.0"
"real_1513","prediction_1414","0.925"
"real_1936","prediction_633","0.9"
"real_2317","prediction_848","0.9"
"real_2717","prediction_8727","1.0"
"real_2719","prediction_8725","1.0"
"real_4216","prediction_1360","0.9"
"real_2583","prediction_7911","1.0"
"real_1515","prediction_1416","0.925"
"real_2663","prediction_9767","1.0"
"real_2039","prediction_4580","0.9"
"real_1564","prediction_9080","0.9"
"real_2256","prediction_6798","0.9"
"real_1106","prediction_9881","0.9"
"real_587","prediction_8692","1.0"
"real_626","prediction_9858","0.7"
"real_872","prediction_9846","0.9"
"real_903","prediction_9564","0.9"
"real_900","prediction_9561","0.9"
"real_2211","prediction_8119","0.9"
"real_2419","prediction_8794","0.9"
"real_348","prediction_10228","0.9"
"real_3343","prediction_1073","0.9"
"real_3159","prediction_7888","0.9"
"real_4024","prediction_8016","1.0"
"real_3807","prediction_8521","1.0"
"real_2213","prediction_8117","0.9"
"real_1979","prediction_6753","0.9"
"real_2712","prediction_8710","1.0"
"real_3593","prediction_8160","0.9"
"real_1329","prediction_1366","0.9"
"real_2292","prediction_610","0.9"
"real_642","prediction_9837","1.0"
"real_1783","prediction_7546","0.9"
"real_3319","prediction_1098","0.9"
"real_592","prediction_8694","1.0"
"real_347","prediction_10230","0.9"
"real_3507","prediction_8215","0.9"
"real_2290","prediction_616","0.9"
"real_2295","prediction_611","0.9"
"real_1449","prediction_7113","0.9"
"real_1559","prediction_9070","0.9"
"real_2715","prediction_8713","1.0"
"real_1811","prediction_9152","1.0"
"real_1505","prediction_1413","0.925"
"real_1500","prediction_1411","0.925"
"real_643","prediction_9833","1.0"
"real_4100","prediction_9522","1.0"
"real_2297","prediction_618","0.9"
"real_3298","prediction_3186","0.9"
"real_1813","prediction_9156","1.0"
"real_1567","prediction_9078","0.9"
"real_2298","prediction_617","0.9"
"real_3812","prediction_8525","1.0"
"real_1565","prediction_9071","0.9"
"real_1654","prediction_3926","0.9"
"real_1367","prediction_8421","0.9"
"real_637","prediction_9830","1.0"
"real_2700","prediction_8712","0.7"
"real_624","prediction_9840","1.0"
"real_1561","prediction_9074","0.9"
"real_1556","prediction_9082","0.9"
"real_1915","prediction_10133","1.0"
"real_2286","prediction_621","0.9"
"real_638","prediction_9839","1.0"
"real_628","prediction_9849","1.0"
"real_1439","prediction_1994","0.9"
"real_634","prediction_9835","0.75"
"real_4026","prediction_8022","1.0"
"real_2003","prediction_8098","1.0"
"real_4021","prediction_8027","1.0"
"real_2007","prediction_8095","0.9"
"real_645","prediction_9825","1.0"
"real_4146","prediction_9737","0.9"
"real_3594","prediction_8161","0.9"
"real_1911","prediction_10128","1.0"
"real_2569","prediction_7910","1.0"
"real_4155","prediction_9105","1.0"
"real_2296","prediction_623","0.9"
"real_1919","prediction_10127","1.0"
"real_689","prediction_1733","0.9"
"real_3516","prediction_8219","0.9"
"real_2701","prediction_8714","1.0"
"real_908","prediction_9554","0.9"
"real_1562","prediction_9066","0.9"
"real_188","prediction_6923","0.9"
"real_4101","prediction_9511","1.0"
"real_1555","prediction_9075","0.9"
"real_2702","prediction_8717","1.0"
"real_2051","prediction_7947","0.9"
"real_2705","prediction_8718","1.0"
"real_395","prediction_7441","0.9"
"real_1265","prediction_972","0.9333333333333333"
"real_4254","prediction_1161","0.9"
"real_1177","prediction_1328","0.7333333333333334"
"real_1661","prediction_1948","1.0"
"real_4019","prediction_8025","1.0"
"real_1480","prediction_8378","0.9"
"real_4007","prediction_8014","1.0"
"real_3204","prediction_9972","1.0"
"real_4264","prediction_1177","0.9"
"real_4263","prediction_1176","0.9"
"real_102","prediction_7058","0.9"
"real_4253","prediction_1166","0.9"
"real_4004","prediction_8015","1.0"
"real_1681","prediction_1976","0.7333333333333334"
"real_1172","prediction_1324","1.0"
"real_3906","prediction_1143","0.9"
"real_1916","prediction_10123","1.0"
"real_437","prediction_9556","0.9"
"real_1181","prediction_1337","1.0"
"real_1187","prediction_1335","1.0"
"real_3213","prediction_9983","1.0"
"real_1175","prediction_1322","0.7"
"real_4003","prediction_8017","1.0"
"real_4041","prediction_9620","0.7333333333333334"
"real_4086","prediction_9404","0.7"
"real_3055","prediction_5700","0.9"
"real_3156","prediction_7863","0.9"
"real_4083","prediction_9405","1.0"
"real_1178","prediction_1323","1.0"
"real_4276","prediction_1182","0.9"
"real_1488","prediction_8380","0.9"
"real_2940","prediction_5556","0.9"
"real_4037","prediction_9611","0.75"
"real_1256","prediction_966","0.9333333333333333"
"real_3936","prediction_10069","0.9"
"real_4035","prediction_9612","1.0"
"real_2268","prediction_698","0.9"
"real_4143","prediction_9106","1.0"
"real_3207","prediction_9713","0.9"
"real_3062","prediction_6910","0.9"
"real_1913","prediction_10118","1.0"
"real_1822","prediction_9809","0.9"
"real_4027","prediction_9607","1.0"
"real_4033","prediction_9618","1.0"
"real_1282","prediction_8790","0.9"
"real_2521","prediction_2110","0.9"
"real_3206","prediction_9977","0.75"
"real_1558","prediction_8945","0.9"
"real_906","prediction_9545","0.9"
"real_1603","prediction_9844","0.9"
"real_1261","prediction_978","0.9333333333333333"
"real_2523","prediction_2116","0.9"
"real_3209","prediction_9976","1.0"
"real_4009","prediction_8028","1.0"
"real_4005","prediction_8024","1.0"
"real_1313","prediction_1123","0.9"
"real_4139","prediction_1054","0.9"
"real_4030","prediction_9609","1.0"
"real_252","prediction_8148","0.9"
"real_1363","prediction_8268","0.9"
"real_4274","prediction_1179","0.9"
"real_3832","prediction_8520","1.0"
"real_1789","prediction_5794","0.9"
"real_4251","prediction_1155","0.9"
"real_3884","prediction_7352","0.8"
"real_2539","prediction_2122","0.9"
"real_164","prediction_1309","0.9"
"real_3429","prediction_6309","0.9"
"real_2519","prediction_2102","0.9"
"real_1162","prediction_1325","0.7"
"real_1823","prediction_9806","0.9"
"real_3827","prediction_8533","1.0"
"real_4031","prediction_9605","1.0"
"real_4138","prediction_9100","1.0"
"real_1315","prediction_1128","0.9"
"real_1675","prediction_1946","1.0"
"real_4273","prediction_1171","0.9"
"real_2625","prediction_2214","0.9"
"real_4262","prediction_1181","0.9"
"real_1318","prediction_1127","0.9"
"real_1170","prediction_1312","1.0"
"real_3210","prediction_9970","1.0"
"real_238","prediction_6813","0.9"
"real_3300","prediction_1749","0.9"
"real_1683","prediction_1981","1.0"
"real_4270","prediction_1178","0.9"
"real_4267","prediction_1180","0.9"
"real_1669","prediction_2069","0.9"
"real_1268","prediction_962","0.9333333333333333"
"real_4010","prediction_8019","1.0"
"real_1136","prediction_2125","0.9"
"real_466","prediction_9585","0.9"
"real_3504","prediction_8205","0.9"
"real_465","prediction_9588","0.9"
"real_1259","prediction_975","0.9333333333333333"
"real_3790","prediction_7880","0.9"
"real_4015","prediction_8018","1.0"
"real_497","prediction_1287","1.0"
"real_2579","prediction_3744","0.9"
"real_3215","prediction_9975","1.0"
"real_1679","prediction_1950","1.0"
"real_1251","prediction_977","0.9333333333333333"
"real_4038","prediction_9608","1.0"
"real_4034","prediction_9603","0.7333333333333334"
"real_4029","prediction_9610","1.0"
"real_1670","prediction_1944","0.7"
"real_801","prediction_319","0.7333333333333334"
"real_3937","prediction_10079","0.9"
"real_3932","prediction_10077","0.9"
"real_990","prediction_479","0.9"
"real_467","prediction_9583","0.9"
"real_4028","prediction_9613","1.0"
"real_3302","prediction_1751","0.9"
"real_1250","prediction_979","0.9333333333333333"
"real_1551","prediction_9058","0.8"
"real_1672","prediction_1986","1.0"
"real_1947","prediction_2804","0.9"
"real_1102","prediction_8272","0.9"
"real_449","prediction_9580","0.9"
"real_1364","prediction_1175","0.8"
"real_1323","prediction_1148","0.9"
"real_1089","prediction_8315","0.9"
"real_1160","prediction_8655","0.9"
"real_2155","prediction_552","1.0"
"real_2538","prediction_2119","0.9"
"real_463","prediction_10126","0.9"
"real_2141","prediction_543","1.0"
"real_2140","prediction_547","0.7333333333333334"
"real_1496","prediction_970","0.9"
"real_3994","prediction_1304","0.9"
"real_457","prediction_9586","0.9"
"real_4049","prediction_9600","0.7333333333333334"
"real_4044","prediction_9601","0.7333333333333334"
"real_2146","prediction_549","1.0"
"real_1033","prediction_497","0.9"
"real_1708","prediction_9971","0.9"
"real_2139","prediction_542","1.0"
"real_4346","prediction_10135","0.9"
"real_1036","prediction_495","0.9"
"real_4043","prediction_9606","0.9"
"real_1678","prediction_1984","1.0"
"real_1322","prediction_1141","0.9"
"real_4403","prediction_6735","0.9"
"real_2540","prediction_2113","0.9"
"real_1240","prediction_976","0.9333333333333333"
"real_3941","prediction_10057","0.9"
"real_1327","prediction_1140","0.9"
"real_4048","prediction_9604","1.0"
"real_1549","prediction_9062","0.9"
"real_4271","prediction_1169","0.9"
"real_3066","prediction_9687","0.9"
"real_2833","prediction_1953","0.9"
"real_732","prediction_8751","1.0"
"real_3920","prediction_10078","0.9"
"real_2530","prediction_2100","0.9"
"real_4268","prediction_1162","0.9"
"real_3929","prediction_10060","0.9"
"real_1311","prediction_1149","0.9"
"real_1321","prediction_1139","0.9"
"real_2143","prediction_550","1.0"
"real_304","prediction_635","1.0"
"real_734","prediction_8741","1.0"
"real_1087","prediction_8305","0.9"
"real_4265","prediction_1168","0.9"
"real_2100","prediction_10216","1.0"
"real_1312","prediction_1146","0.9"
"real_1673","prediction_1701","0.9"
"real_2522","prediction_2120","0.9"
"real_3905","prediction_1375","0.9"
"real_2529","prediction_2118","0.9"
"real_2816","prediction_9188","0.7"
"real_2869","prediction_9575","0.9"
"real_2537","prediction_2108","0.9"
"real_4240","prediction_10073","0.9"
"real_3162","prediction_1954","0.925"
"real_3907","prediction_1371","0.9"
"real_2154","prediction_544","0.75"
"real_1197","prediction_9406","1.0"
"real_1045","prediction_493","0.9"
"real_1246","prediction_963","0.9333333333333333"
"real_3909","prediction_1377","0.9"
"real_3607","prediction_3844","0.9"
"real_1245","prediction_965","0.9333333333333333"
"real_1047","prediction_499","0.9"
"real_453","prediction_9578","0.9"
"real_1668","prediction_1980","0.7333333333333334"
"real_826","prediction_10423","1.0"
"real_595","prediction_8481","1.0"
"real_1320","prediction_1145","0.9"
"real_1200","prediction_9313","0.9"
"real_1243","prediction_969","0.9333333333333333"
"real_3924","prediction_10064","0.9"
"real_4278","prediction_1158","0.9"
"real_1676","prediction_1979","1.0"
"real_3201","prediction_9969","1.0"
"real_307","prediction_6095","0.9"
"real_1662","prediction_1987","0.7333333333333334"
"real_4047","prediction_9617","1.0"
"real_3930","prediction_10058","0.9"
"real_2531","prediction_2111","0.9"
"real_4257","prediction_1163","0.9"
"real_2533","prediction_2114","0.9"
"real_1041","prediction_496","0.9"
"real_2161","prediction_545","1.0"
"real_287","prediction_9532","0.9"
"real_1858","prediction_8857","0.9"
"real_1862","prediction_8862","0.9"
"real_320","prediction_8007","0.9"
"real_1519","prediction_9048","0.9"
"real_2283","prediction_488","0.8"
"real_2160","prediction_541","1.0"
"real_3102","prediction_777","0.9"
"real_1863","prediction_8867","0.9"
"real_2040","prediction_3180","0.9"
"real_3142","prediction_8181","0.9"
"real_1852","prediction_8859","0.9"
"real_976","prediction_694","0.7333333333333334"
"real_975","prediction_693","1.0"
"real_2101","prediction_10208","1.0"
"real_3023","prediction_8061","1.0"
"real_3917","prediction_1372","0.9"
"real_3336","prediction_300","0.9"
"real_3688","prediction_9986","0.9"
"real_695","prediction_1285","1.0"
"real_1401","prediction_9110","0.9"
"real_2739","prediction_2115","0.9"
"real_3031","prediction_8062","1.0"
"real_1727","prediction_435","0.9"
"real_324","prediction_8001","0.9"
"real_2903","prediction_642","0.9"
"real_2431","prediction_8319","1.0"
"real_3119","prediction_6659","0.9"
"real_2159","prediction_546","1.0"
"real_3034","prediction_8063","1.0"
"real_1166","prediction_1350","0.9"
"real_3018","prediction_8046","0.7333333333333334"
"real_3143","prediction_8172","0.9"
"real_360","prediction_10006","0.9"
"real_983","prediction_697","1.0"
"real_3019","prediction_8043","0.7333333333333334"
"real_2102","prediction_10211","1.0"
"real_1872","prediction_8863","0.9"
"real_3015","prediction_8044","1.0"
"real_1857","prediction_8866","0.9"
"real_3135","prediction_8183","0.9"
"real_1860","prediction_8861","0.9"
"real_1461","prediction_2003","0.9"
"real_3737","prediction_9661","0.9"
"real_865","prediction_9802","0.9"
"real_1851","prediction_8868","0.9"
"real_3547","prediction_9859","1.0"
"real_693","prediction_1299","1.0"
"real_3545","prediction_9856","1.0"
"real_988","prediction_690","1.0"
"real_3742","prediction_8660","0.9"
"real_1281","prediction_8569","0.9"
"real_699","prediction_1293","1.0"
"real_1408","prediction_9128","0.8166666666666667"
"real_3032","prediction_8050","1.0"
"real_523","prediction_10092","0.9"
"real_1563","prediction_9002","0.9"
"real_342","prediction_8013","0.9"
"real_3139","prediction_8182","0.9"
"real_3256","prediction_7738","0.9"
"real_3662","prediction_459","0.9"
"real_1870","prediction_8853","0.9"
"real_3140","prediction_8169","0.9"
"real_1648","prediction_5457","0.9"
"real_340","prediction_8010","0.9"
"real_1007","prediction_4634","0.9"
"real_3036","prediction_7940","1.0"
"real_1742","prediction_3188","0.9"
"real_1183","prediction_1319","1.0"
"real_3496","prediction_6792","0.7166666666666667"
"real_1184","prediction_1313","1.0"
"real_977","prediction_676","0.9"
"real_1140","prediction_5935","0.9"
"real_1176","prediction_1344","1.0"
"real_1409","prediction_9134","0.9"
"real_1163","prediction_1332","1.0"
"real_1482","prediction_8397","0.9"
"real_1182","prediction_1315","1.0"
"real_3152","prediction_8171","0.9"
"real_1864","prediction_8849","0.9"
"real_3304","prediction_1755","0.9"
"real_1174","prediction_1343","1.0"
"real_3303","prediction_1752","0.9"
"real_808","prediction_320","0.7333333333333334"
"real_1866","prediction_8847","0.9"
"real_4172","prediction_8302","0.9"
"real_995","prediction_680","1.0"
"real_1168","prediction_1336","1.0"
"real_1543","prediction_9017","0.9"
"real_1470","prediction_8390","0.9"
"real_991","prediction_683","0.8"
"real_1460","prediction_2009","0.9"
"real_3153","prediction_8168","0.9"
"real_996","prediction_681","0.9"
"real_2435","prediction_8336","1.0"
"real_562","prediction_6962","0.9"
"real_3158","prediction_8166","0.9"
"real_1621","prediction_529","0.9"
"real_464","prediction_9596","0.9"
"real_810","prediction_322","1.0"
"real_805","prediction_327","0.7333333333333334"
"real_3976","prediction_6278","0.9"
"real_341","prediction_8005","0.9"
"real_3035","prediction_8049","1.0"
"real_461","prediction_9592","0.9"
"real_985","prediction_679","0.7"
"real_2527","prediction_9689","0.9"
"real_2424","prediction_8329","1.0"
"real_4312","prediction_7804","0.9"
"real_332","prediction_8008","0.9"
"real_813","prediction_325","1.0"
"real_1188","prediction_1326","0.75"
"real_3744","prediction_8682","0.9"
"real_1443","prediction_2002","0.9"
"real_804","prediction_332","1.0"
"real_3157","prediction_8180","0.9"
"real_978","prediction_686","0.7333333333333334"
"real_2133","prediction_5001","0.9"
"real_3016","prediction_7959","0.9"
"real_800","prediction_334","1.0"
"real_1839","prediction_9814","0.9"
"real_1856","prediction_8841","0.9"
"real_1186","prediction_1320","1.0"
"real_1847","prediction_8850","0.9"
"real_1171","prediction_1339","0.7333333333333334"
"real_803","prediction_330","1.0"
"real_1953","prediction_9951","0.9"
"real_153","prediction_152","0.9"
"real_809","prediction_335","1.0"
"real_1185","prediction_1321","1.0"
"real_2421","prediction_8331","0.7333333333333334"
"real_1855","prediction_8848","0.9"
"real_1179","prediction_1333","1.0"
"real_3068","prediction_6954","0.9"
"real_982","prediction_682","1.0"
"real_3028","prediction_8047","1.0"
"real_1547","prediction_9009","0.9"
"real_181","prediction_9892","0.8166666666666667"
"real_328","prediction_8011","0.9"
"real_3160","prediction_8162","0.9"
"real_325","prediction_8012","0.9"
"real_338","prediction_8002","0.9"
"real_825","prediction_1760","0.9"
"real_1467","prediction_8394","0.9"
"real_936","prediction_9704","0.9"
"real_806","prediction_339","1.0"
"real_1663","prediction_1942","1.0"
"real_3144","prediction_8185","0.9"
"real_229","prediction_8372","0.9"
"real_3026","prediction_8041","1.0"
"real_3020","prediction_8048","1.0"
"real_986","prediction_687","1.0"
"real_998","prediction_675","1.0"
"real_980","prediction_685","1.0"
"real_993","prediction_674","1.0"
"real_4347","prediction_10188","0.9"
"real_3017","prediction_8055","1.0"
"real_1477","prediction_8389","0.7"
"real_816","prediction_269","1.0"
"real_3432","prediction_9645","0.9"
"real_1442","prediction_2013","0.9"
"real_1324","prediction_5522","0.9"
"real_1729","prediction_9401","1.0"
"real_3094","prediction_2189","0.9"
"real_4387","prediction_6652","0.9"
"real_831","prediction_280","0.7"
"real_2439","prediction_551","0.9"
"real_3258","prediction_10033","0.7"
"real_829","prediction_277","1.0"
"real_296","prediction_578","1.0"
"real_3248","prediction_10021","1.0"
"real_773","prediction_10030","0.9"
"real_834","prediction_283","1.0"
"real_3251","prediction_10028","1.0"
"real_835","prediction_295","1.0"
"real_1237","prediction_505","1.0"
"real_228","prediction_9150","0.9"
"real_824","prediction_281","1.0"
"real_836","prediction_290","1.0"
"real_1235","prediction_509","1.0"
"real_3334","prediction_1487","0.8"
"real_1667","prediction_5603","0.9"
"real_2444","prediction_1758","0.9"
"real_2372","prediction_7310","0.9"
"real_1125","prediction_1849","1.0"
"real_3436","prediction_9659","0.9"
"real_1601","prediction_10124","0.9"
"real_4399","prediction_6654","0.9"
"real_4357","prediction_8195","0.92"
"real_4396","prediction_6655","0.9"
"real_3255","prediction_10023","1.0"
"real_837","prediction_278","1.0"
"real_830","prediction_296","1.0"
"real_3805","prediction_7879","0.9"
"real_2674","prediction_9173","0.9"
"real_3249","prediction_10035","1.0"
"real_905","prediction_348","0.9"
"real_391","prediction_420","0.9"
"real_827","prediction_289","1.0"
"real_3252","prediction_10017","1.0"
"real_3133","prediction_8139","0.9"
"real_867","prediction_9793","0.9"
"real_832","prediction_285","1.0"
"real_1236","prediction_517","1.0"
"real_1238","prediction_511","1.0"
"real_1233","prediction_515","1.0"
"real_1937","prediction_2760","0.9"
"real_3199","prediction_8199","0.9"
"real_249","prediction_7870","0.9"
"real_733","prediction_169","0.9"
"real_1121","prediction_1851","0.7333333333333334"
"real_603","prediction_8322","0.9"
"real_679","prediction_1288","0.75"
"real_674","prediction_1283","1.0"
"real_1231","prediction_522","1.0"
"real_681","prediction_1291","0.7333333333333334"
"real_502","prediction_1370","0.9"
"real_3645","prediction_599","0.7333333333333334"
"real_1464","prediction_2018","0.9"
"real_1113","prediction_1846","0.7333333333333334"
"real_1111","prediction_1847","1.0"
"real_680","prediction_1292","1.0"
"real_3131","prediction_6835","0.9"
"real_672","prediction_1289","0.925"
"real_1131","prediction_7988","0.9"
"real_682","prediction_1295","1.0"
"real_3548","prediction_9999","0.9"
"real_3647","prediction_593","1.0"
"real_3644","prediction_597","1.0"
"real_683","prediction_1297","1.0"
"real_3250","prediction_10015","1.0"
"real_2209","prediction_10412","1.0"
"real_864","prediction_9781","0.9"
"real_866","prediction_9784","0.9"
"real_960","prediction_6033","0.9"
"real_1239","prediction_523","1.0"
"real_868","prediction_9788","0.9"
"real_899","prediction_9552","0.9"
"real_938","prediction_9602","0.9"
"real_3557","prediction_6373","0.9"
"real_3601","prediction_7637","0.9"
"real_1112","prediction_1855","1.0"
"real_3944","prediction_8087","1.0"
"real_1116","prediction_1853","0.7333333333333334"
"real_3107","prediction_6801","0.9"
"real_892","prediction_9550","0.9"
"real_1110","prediction_1850","1.0"
"real_780","prediction_2127","0.9"
"real_3643","prediction_587","1.0"
"real_686","prediction_1284","1.0"
"real_684","prediction_1281","1.0"
"real_3646","prediction_588","1.0"
"real_3716","prediction_1871","0.9"
"real_3948","prediction_8082","1.0"
"real_797","prediction_9225","0.9"
"real_1587","prediction_8900","0.9"
"real_678","prediction_1296","1.0"
"real_314","prediction_626","0.9"
"real_4384","prediction_6643","0.9"
"real_1717","prediction_9402","1.0"
"real_3945","prediction_8083","1.0"
"real_2672","prediction_1947","0.9"
"real_4388","prediction_6649","0.9"
"real_4389","prediction_6648","0.9"
"real_330","prediction_7944","0.9"
"real_2542","prediction_2182","0.9"
"real_1229","prediction_538","1.0"
"real_3648","prediction_586","1.0"
"real_3130","prediction_6842","0.9"
"real_2330","prediction_8511","0.7333333333333334"
"real_677","prediction_1294","1.0"
"real_1132","prediction_7970","0.9"
"real_230","prediction_9180","0.8"
"real_863","prediction_9775","0.9"
"real_2476","prediction_1795","0.9"
"real_3946","prediction_8075","1.0"
"real_1303","prediction_1151","0.9"
"real_2147","prediction_6101","0.9"
"real_3900","prediction_1195","0.9"
"real_3869","prediction_7698","0.9"
"real_1896","prediction_1269","0.9"
"real_4394","prediction_6644","0.9"
"real_895","prediction_9567","0.9"
"real_1300","prediction_1150","0.9"
"real_2543","prediction_2178","0.9"
"real_3124","prediction_6847","0.9"
"real_3089","prediction_6721","0.9"
"real_3178","prediction_1952","0.925"
"real_3179","prediction_1955","0.925"
"real_3189","prediction_1962","0.925"
"real_722","prediction_394","1.0"
"real_331","prediction_7999","0.9"
"real_719","prediction_387","1.0"
"real_336","prediction_7998","0.9"
"real_2688","prediction_7417","0.9"
"real_4219","prediction_8943","0.9666666666666667"
"real_335","prediction_7996","0.9"
"real_1595","prediction_9044","1.0"
"real_3418","prediction_9660","0.9"
"real_1590","prediction_9040","1.0"
"real_3186","prediction_1957","0.925"
"real_1139","prediction_7966","0.9"
"real_1837","prediction_9992","0.9"
"real_1594","prediction_9042","1.0"
"real_727","prediction_389","1.0"
"real_4063","prediction_5599","0.9"
"real_1137","prediction_7960","0.9"
"real_3486","prediction_6949","0.9666666666666667"
"real_720","prediction_386","1.0"
"real_311","prediction_632","0.7333333333333334"
"real_1580","prediction_9036","1.0"
"real_2991","prediction_9032","0.9"
"real_139","prediction_9952","0.9"
"real_3485","prediction_6940","0.9666666666666667"
"real_312","prediction_630","0.7333333333333334"
"real_2609","prediction_8804","0.9"
"real_1593","prediction_9049","1.0"
"real_4391","prediction_6876","0.9"
"real_3090","prediction_7096","0.9"
"real_721","prediction_388","1.0"
"real_318","prediction_645","1.0"
"real_2118","prediction_9772","0.9"
"real_309","prediction_636","1.0"
"real_308","prediction_641","1.0"
"real_1242","prediction_983","0.9333333333333333"
"real_344","prediction_7997","0.9"
"real_3479","prediction_6953","0.9666666666666667"
"real_3478","prediction_6952","0.9666666666666667"
"real_3431","prediction_8666","0.9"
"real_2547","prediction_2164","0.9"
"real_3846","prediction_9853","0.9"
"real_3122","prediction_6836","0.9"
"real_3120","prediction_6834","0.9"
"real_700","prediction_1305","1.0"
"real_4213","prediction_8950","0.9666666666666667"
"real_1302","prediction_1137","0.9"
"real_3128","prediction_6829","0.9"
"real_3191","prediction_1945","0.9"
"real_1328","prediction_639","0.9"
"real_4211","prediction_8956","0.9666666666666667"
"real_2310","prediction_8513","1.0"
"real_2362","prediction_1889","0.9"
"real_1247","prediction_980","0.9333333333333333"
"real_2321","prediction_8501","1.0"
"real_1308","prediction_1134","0.9"
"real_696","prediction_2067","0.9"
"real_1359","prediction_5528","0.9"
"real_4218","prediction_8954","0.9666666666666667"
"real_933","prediction_9678","0.9"
"real_3176","prediction_1964","0.925"
"real_911","prediction_9652","0.9"
"real_3110","prediction_6843","0.9"
"real_1307","prediction_1132","0.9"
"real_2313","prediction_8510","1.0"
"real_728","prediction_396","1.0"
"real_3393","prediction_9308","0.9"
"real_1133","prediction_7954","0.9"
"real_1228","prediction_525","1.0"
"real_1592","prediction_9055","0.7"
"real_2453","prediction_10415","1.0"
"real_1226","prediction_526","1.0"
"real_4110","prediction_5657","0.7"
"real_1134","prediction_7955","0.9"
"real_2810","prediction_3413","0.9"
"real_2914","prediction_9231","0.9"
"real_3484","prediction_6951","0.7"
"real_2327","prediction_8509","1.0"
"real_2456","prediction_10416","1.0"
"real_316","prediction_644","1.0"
"real_317","prediction_643","0.9166666666666666"
"real_3170","prediction_1971","0.925"
"real_3181","prediction_1982","0.9"
"real_3121","prediction_6826","0.9"
"real_3306","prediction_10322","0.9"
"real_1253","prediction_985","0.9333333333333333"
"real_3938","prediction_10081","0.9"
"real_2628","prediction_512","0.9"
"real_4008","prediction_8037","1.0"
"real_361","prediction_629","0.9"
"real_2541","prediction_2150","0.9"
"real_1817","prediction_2418","0.9"
"real_819","prediction_288","1.0"
"real_3266","prediction_10022","1.0"
"real_709","prediction_399","1.0"
"real_4076","prediction_6315","0.9"
"real_705","prediction_392","1.0"
"real_1223","prediction_513","1.0"
"real_4374","prediction_8196","0.92"
"real_2426","prediction_8639","0.9"
"real_820","prediction_287","1.0"
"real_718","prediction_395","1.0"
"real_3268","prediction_10019","1.0"
"real_1581","prediction_9053","1.0"
"real_1882","prediction_964","0.9"
"real_815","prediction_292","1.0"
"real_3685","prediction_10232","0.9"
"real_2650","prediction_1943","0.9"
"real_4039","prediction_9720","0.9"
"real_3217","prediction_9876","0.9"
"real_1574","prediction_9041","1.0"
"real_3455","prediction_364","0.9"
"real_3075","prediction_6768","0.9"
"real_4018","prediction_7942","1.0"
"real_2308","prediction_8512","1.0"
"real_1227","prediction_519","1.0"
"real_1217","prediction_508","1.0"
"real_1589","prediction_9050","1.0"
"real_4205","prediction_8946","0.9666666666666667"
"real_3259","prediction_10042","1.0"
"real_3132","prediction_6800","0.9"
"real_4013","prediction_8031","1.0"
"real_3267","prediction_10031","1.0"
"real_3766","prediction_9076","0.9"
"real_1267","prediction_982","0.9333333333333333"
"real_319","prediction_651","1.0"
"real_3263","prediction_6092","0.9"
"real_4016","prediction_8039","1.0"
"real_1260","prediction_986","0.9333333333333333"
"real_1787","prediction_9200","0.9"
"real_711","prediction_393","1.0"
"real_3943","prediction_10080","0.8"
"real_329","prediction_7995","0.9"
"real_3569","prediction_9768","1.0"
"real_712","prediction_390","1.0"
"real_833","prediction_270","0.75"
"real_814","prediction_276","1.0"
"real_821","prediction_284","1.0"
"real_1218","prediction_506","1.0"
"real_1575","prediction_9059","1.0"
"real_704","prediction_397","1.0"
"real_3188","prediction_1968","0.925"
"real_4361","prediction_8197","0.92"
"real_2309","prediction_8504","1.0"
"real_1221","prediction_504","0.9"
"real_1215","prediction_514","0.7333333333333334"
"real_714","prediction_384","1.0"
"real_353","prediction_620","0.9"
"real_1571","prediction_9052","1.0"
"real_327","prediction_7992","0.9"
"real_817","prediction_282","1.0"
"real_3578","prediction_9750","0.9"
"real_2551","prediction_9987","0.9"
"real_3853","prediction_9832","0.9"
"real_1573","prediction_9054","0.7142857142857143"
"real_1262","prediction_989","0.9333333333333333"
"real_3108","prediction_6832","0.9"
"real_1705","prediction_9898","0.9"
"real_1591","prediction_9039","1.0"
"real_2237","prediction_2095","0.9"
"real_648","prediction_1452","1.0"
"real_919","prediction_9685","0.9"
"real_4022","prediction_8030","1.0"
"real_1271","prediction_987","0.9333333333333333"
"real_397","prediction_6986","0.9"
"real_1977","prediction_6955","0.9"
"real_2720","prediction_8706","1.0"
"real_1381","prediction_5397","0.9"
"real_2382","prediction_2209","1.0"
"real_3200","prediction_9223","0.9"
"real_4023","prediction_8036","1.0"
"real_2561","prediction_2154","0.9"
"real_1957","prediction_10029","0.9"
"real_1584","prediction_9081","0.9"
"real_2304","prediction_609","0.9"
"real_1984","prediction_7062","0.9"
"real_3597","prediction_8152","0.9"
"real_1890","prediction_1438","0.9"
"real_1991","prediction_7073","0.9"
"real_1970","prediction_7053","0.9"
"real_567","prediction_8700","0.7333333333333334"
"real_1576","prediction_9063","1.0"
"real_584","prediction_8708","1.0"
"real_3598","prediction_8159","0.9"
"real_2576","prediction_7951","0.9"
"real_635","prediction_9769","1.0"
"real_631","prediction_7345","0.9"
"real_363","prediction_9955","0.9"
"real_2376","prediction_2208","1.0"
"real_2379","prediction_2205","1.0"
"real_3813","prediction_8634","0.9"
"real_2171","prediction_8384","0.9"
"real_581","prediction_8702","1.0"
"real_580","prediction_8705","1.0"
"real_2375","prediction_2207","1.0"
"real_664","prediction_1460","1.0"
"real_4025","prediction_8040","1.0"
"real_1453","prediction_1993","0.9"
"real_1142","prediction_7945","0.9"
"real_3001","prediction_8449","0.9"
"real_924","prediction_9680","0.9"
"real_4207","prediction_8963","0.7"
"real_2735","prediction_8966","0.9"
"real_649","prediction_1448","1.0"
"real_2095","prediction_10200","1.0"
"real_2097","prediction_10202","1.0"
"real_3254","prediction_9883","0.9"
"real_3963","prediction_7938","1.0"
"real_1992","prediction_7065","0.9"
"real_2694","prediction_9117","0.9"
"real_1080","prediction_8821","0.9"
"real_1971","prediction_7046","0.9"
"real_578","prediction_8703","0.7333333333333334"
"real_618","prediction_8531","0.9"
"real_390","prediction_6999","0.9"
"real_1145","prediction_7948","0.9"
"real_3599","prediction_8145","0.9"
"real_1964","prediction_7052","0.9"
"real_590","prediction_8704","0.7333333333333334"
"real_1597","prediction_9911","0.9"
"real_2552","prediction_2168","0.9"
"real_1965","prediction_7070","0.9"
"real_4079","prediction_664","0.9"
"real_756","prediction_10207","0.9"
"real_2559","prediction_2167","0.9"
"real_2554","prediction_2165","0.9"
"real_931","prediction_9682","0.9"
"real_3862","prediction_1918","1.0"
"real_2563","prediction_2174","0.9"
"real_3861","prediction_1913","0.7"
"real_1154","prediction_7964","0.8166666666666667"
"real_321","prediction_1636","0.9"
"real_2641","prediction_2758","0.9"
"real_3965","prediction_8071","1.0"
"real_1687","prediction_9773","1.0"
"real_2557","prediction_2160","0.9"
"real_685","prediction_10368","1.0"
"real_1155","prediction_7962","0.9"
"real_4249","prediction_1415","0.9"
"real_2037","prediction_7072","0.9"
"real_1993","prediction_7055","0.8"
"real_4359","prediction_7894","0.9"
"real_2089","prediction_10201","1.0"
"real_2082","prediction_10210","1.0"
"real_2087","prediction_10205","1.0"
"real_3371","prediction_1684","0.9"
"real_2092","prediction_9862","0.9"
"real_1989","prediction_7045","0.9"
"real_1684","prediction_9771","1.0"
"real_1841","prediction_8155","0.9"
"real_2676","prediction_9135","0.9"
"real_3968","prediction_8064","1.0"
"real_2305","prediction_627","0.9"
"real_1153","prediction_8066","0.9"
"real_2364","prediction_2195","0.7333333333333334"
"real_1967","prediction_7066","0.9"
"real_2564","prediction_2169","0.9"
"real_2034","prediction_7075","0.9"
"real_2556","prediction_2175","0.9"
"real_940","prediction_9681","0.9"
"real_2359","prediction_2193","1.0"
"real_1709","prediction_10070","0.9"
"real_2555","prediction_2176","0.8"
"real_950","prediction_7009","0.9"
"real_1143","prediction_7963","0.9"
"real_1935","prediction_1396","0.9"
"real_2558","prediction_2171","0.9"
"real_965","prediction_2121","0.9"
"real_2303","prediction_619","0.9"
"real_2993","prediction_8987","0.9"
"real_3952","prediction_8067","1.0"
"real_586","prediction_8711","1.0"
"real_1149","prediction_7961","0.9"
"real_2578","prediction_7949","0.9"
"real_1933","prediction_10020","0.9"
"real_3052","prediction_9948","0.9"
"real_2075","prediction_10206","1.0"
"real_1156","prediction_7952","0.9"
"real_1152","prediction_8056","0.9"
"real_2030","prediction_7080","0.9"
"real_3959","prediction_8065","1.0"
"real_1986","prediction_7050","0.9"
"real_2358","prediction_2194","1.0"
"real_2548","prediction_2177","0.9"
"real_1988","prediction_7051","0.9"
"real_2301","prediction_615","0.9"
"real_2369","prediction_2185","1.0"
"real_2302","prediction_613","0.9"
"real_1888","prediction_10330","0.9"
"real_1456","prediction_1783","0.9"
"real_508","prediction_1355","1.0"
"real_514","prediction_1364","0.7333333333333334"
"real_173","prediction_10086","0.9"
"real_510","prediction_1362","0.9"
"real_3105","prediction_7102","0.9"
"real_2335","prediction_2147","1.0"
"real_1455","prediction_1789","0.9"
"real_2784","prediction_6308","0.9"
"real_107","prediction_1875","0.9"
"real_2479","prediction_1916","0.9"
"real_3953","prediction_8081","1.0"
"real_2336","prediction_2140","1.0"
"real_1074","prediction_8192","0.9"
"real_2691","prediction_9166","0.9"
"real_2683","prediction_9155","0.9"
"real_3472","prediction_6937","0.9666666666666667"
"real_2689","prediction_9163","0.9"
"real_456","prediction_594","0.9"
"real_875","prediction_9776","0.9"
"real_521","prediction_1552","0.9"
"real_1157","prediction_7983","0.9"
"real_3427","prediction_2131","0.9"
"real_668","prediction_1437","0.7333333333333334"
"real_1342","prediction_9715","0.9"
"real_3954","prediction_8074","1.0"
"real_2339","prediction_2148","0.9"
"real_2027","prediction_7084","0.9"
"real_1118","prediction_1874","0.7333333333333334"
"real_3522","prediction_8126","0.9"
"real_970","prediction_6061","0.9"
"real_504","prediction_1357","0.7333333333333334"
"real_1341","prediction_9712","0.8"
"real_3969","prediction_8086","1.0"
"real_671","prediction_1447","1.0"
"real_504","prediction_1352","1.0"
"real_2022","prediction_7081","0.9"
"real_526","prediction_1551","0.9"
"real_3956","prediction_8078","1.0"
"real_3878","prediction_1917","1.0"
"real_897","prediction_9547","0.9"
"real_871","prediction_9789","0.9"
"real_409","prediction_9996","0.7"
"real_4181","prediction_8814","0.9"
"real_408","prediction_9994","1.0"
"real_3780","prediction_6821","0.9"
"real_3513","prediction_8060","0.9"
"real_3149","prediction_237","0.9"
"real_2806","prediction_1483","0.9"
"real_300","prediction_9628","0.9"
"real_2466","prediction_1910","0.9"
"real_2048","prediction_8211","0.9"
"real_1660","prediction_10318","0.9"
"real_405","prediction_9991","1.0"
"real_2658","prediction_9818","0.9"
"real_3076","prediction_1400","0.9"
"real_1980","prediction_6933","0.9"
"real_3961","prediction_8084","1.0"
"real_1982","prediction_6093","0.9"
"real_3960","prediction_8085","1.0"
"real_4354","prediction_10418","1.0"
"real_2083","prediction_10212","1.0"
"real_1353","prediction_9709","0.9"
"real_2064","prediction_8236","0.9"
"real_3868","prediction_1915","1.0"
"real_3966","prediction_8079","1.0"
"real_403","prediction_9998","1.0"
"real_2679","prediction_9164","0.9"
"real_2345","prediction_2141","1.0"
"real_877","prediction_9786","0.9"
"real_536","prediction_1558","0.8"
"real_879","prediction_9783","0.9"
"real_4329","prediction_8886","0.9"
"real_538","prediction_1557","0.9"
"real_1351","prediction_9718","0.9"
"real_2347","prediction_2143","1.0"
"real_2682","prediction_9172","0.9"
"real_2343","prediction_2142","1.0"
"real_515","prediction_1357","1.0"
"real_670","prediction_1459","0.7333333333333334"
"real_516","prediction_1354","1.0"
"real_515","prediction_1352","0.7333333333333334"
"real_2836","prediction_9505","0.9"
"real_507","prediction_1361","1.0"
"real_3535","prediction_6809","0.9"
"real_966","prediction_6901","0.9"
"real_356","prediction_684","0.9"
"real_531","prediction_1559","0.9"
"real_1352","prediction_9711","0.9"
"real_512","prediction_1358","1.0"
"real_2002","prediction_8023","0.9"
"real_1056","prediction_8191","0.9"
"real_1127","prediction_1858","1.0"
"real_3575","prediction_1013","0.9"
"real_1875","prediction_1222","0.9"
"real_1123","prediction_1859","1.0"
"real_144","prediction_9056","0.9"
"real_890","prediction_9779","0.9"
"real_3880","prediction_1936","1.0"
"real_659","prediction_1445","1.0"
"real_3101","prediction_7129","0.9"
"real_3875","prediction_1923","0.7333333333333334"
"real_1599","prediction_9950","0.75"
"real_3876","prediction_1927","1.0"
"real_2886","prediction_8887","0.9"
"real_2800","prediction_1470","0.9"
"real_3804","prediction_7887","0.9"
"real_4325","prediction_8899","0.9"
"real_2734","prediction_7306","0.9"
"real_414","prediction_9995","1.0"
"real_660","prediction_1457","1.0"
"real_842","prediction_9323","0.9"
"real_2484","prediction_1904","0.9"
"real_876","prediction_9797","0.9"
"real_3873","prediction_1931","1.0"
"real_661","prediction_1451","1.0"
"real_655","prediction_1449","1.0"
"real_653","prediction_1440","1.0"
"real_878","prediction_9792","0.9"
"real_870","prediction_9796","0.9"
"real_2592","prediction_7956","0.9"
"real_211","prediction_8883","0.9"
"real_419","prediction_9997","1.0"
"real_3748","prediction_6742","0.9"
"real_513","prediction_1346","1.0"
"real_2804","prediction_1478","0.9"
"real_652","prediction_1443","0.7"
"real_1868","prediction_8355","0.9"
"real_3606","prediction_7850","0.9"
"real_3927","prediction_9937","0.9"
"real_658","prediction_1450","1.0"
"real_1779","prediction_9654","0.9"
"real_1130","prediction_1862","1.0"
"real_1049","prediction_501","0.9"
"real_2695","prediction_9176","0.9"
"real_3887","prediction_1926","1.0"
"real_3871","prediction_1934","1.0"
"real_2698","prediction_9174","0.9"
"real_3104","prediction_7110","0.9"
"real_207","prediction_8888","0.9"
"real_1334","prediction_9705","0.9"
"real_1333","prediction_9706","0.9"
"real_2801","prediction_1463","0.9"
"real_209","prediction_8882","0.9"
"real_2354","prediction_2156","1.0"
"real_3867","prediction_1937","1.0"
"real_2357","prediction_2152","0.7333333333333334"
"real_2900","prediction_9419","0.9"
"real_3728","prediction_1812","0.9"
"real_2781","prediction_689","0.9"
"real_1344","prediction_9701","0.9"
"real_161","prediction_6766","0.9"
"real_1340","prediction_9707","0.9"
"real_2478","prediction_2039","0.9"
"real_3922","prediction_9929","0.9"
"real_266","prediction_7878","0.9"
"real_2805","prediction_1462","0.9"
"real_204","prediction_8885","0.9"
"real_669","prediction_1441","0.7333333333333334"
"real_650","prediction_1455","0.9"
"real_1035","prediction_510","0.9"
"real_656","prediction_1453","1.0"
"real_503","prediction_1341","1.0"
"real_501","prediction_1345","1.0"
"real_500","prediction_1348","1.0"
"real_3879","prediction_1928","1.0"
"real_1069","prediction_8189","0.9"
"real_651","prediction_1458","1.0"
"real_2901","prediction_9414","0.9"
"real_3318","prediction_1261","0.7"
"real_662","prediction_1446","1.0"
"real_663","prediction_1444","0.7333333333333334"
"real_885","prediction_9798","0.9"
"real_506","prediction_1340","1.0"
"real_2624","prediction_2793","0.9"
"real_124","prediction_7120","0.9"
"real_3751","prediction_6818","0.9"
"real_2194","prediction_668","1.0"
"real_3136","prediction_1644","0.9"
"real_2872","prediction_9629","0.9"
"real_3782","prediction_7932","0.9"
"real_2196","prediction_662","1.0"
"real_2191","prediction_667","1.0"
"real_113","prediction_1481","0.9"
"real_2871","prediction_1316","0.9"
"real_2740","prediction_9755","0.9"
"real_2881","prediction_9634","0.9"
"real_206","prediction_3992","0.9"
"real_1016","prediction_7005","0.9"
"real_944","prediction_6881","0.9"
"real_953","prediction_6890","0.9"
"real_2874","prediction_9624","0.9"
"real_794","prediction_331","1.0"
"real_4338","prediction_382","1.0"
"real_4339","prediction_380","0.7333333333333334"
"real_286","prediction_6076","0.9"
"real_2189","prediction_656","0.9"
"real_795","prediction_336","1.0"
"real_2178","prediction_9295","0.7333333333333334"
"real_450","prediction_8400","0.9"
"real_2169","prediction_9285","1.0"
"real_2629","prediction_2798","0.9"
"real_3460","prediction_520","0.9"
"real_2199","prediction_669","1.0"
"real_2934","prediction_1768","1.0"
"real_4133","prediction_5934","0.9"
"real_2951","prediction_1780","1.0"
"real_2779","prediction_1472","0.9"
"real_798","prediction_333","0.7333333333333334"
"real_969","prediction_6640","0.9"
"real_1610","prediction_9904","0.9"
"real_909","prediction_9492","0.9"
"real_4337","prediction_372","0.7333333333333334"
"real_2164","prediction_9292","0.7333333333333334"
"real_3381","prediction_1890","0.9"
"real_4333","prediction_379","1.0"
"real_3874","prediction_2105","0.8"
"real_170","prediction_10161","0.9"
"real_3750","prediction_6824","0.9"
"real_3859","prediction_10038","1.0"
"real_3855","prediction_10037","1.0"
"real_984","prediction_521","0.9"
"real_2505","prediction_9527","0.9"
"real_163","prediction_10150","0.9"
"real_739","prediction_8810","0.9"
"real_237","prediction_9646","0.9"
"real_3240","prediction_8608","0.9"
"real_2060","prediction_7869","0.9"
"real_2659","prediction_8208","0.9"
"real_2642","prediction_9647","0.9"
"real_166","prediction_10151","0.9"
"real_793","prediction_324","1.0"
"real_2187","prediction_661","1.0"
"real_2776","prediction_1469","0.9"
"real_162","prediction_10158","0.9"
"real_2876","prediction_9638","0.7"
"real_2355","prediction_2001","0.9"
"real_2873","prediction_9636","0.9"
"real_2096","prediction_8869","0.9"
"real_3091","prediction_7100","0.9"
"real_941","prediction_6871","0.9"
"real_165","prediction_10159","0.9"
"real_676","prediction_1412","0.9"
"real_2068","prediction_7864","0.9"
"real_2104","prediction_10198","1.0"
"real_796","prediction_328","0.7333333333333334"
"real_2198","prediction_657","1.0"
"real_974","prediction_6895","0.9"
"real_972","prediction_6893","0.9"
"real_2724","prediction_9740","0.9"
"real_2707","prediction_8647","0.7333333333333334"
"real_3756","prediction_6814","0.8166666666666667"
"real_2727","prediction_9744","0.9"
"real_458","prediction_9632","0.9"
"real_4331","prediction_369","0.7333333333333334"
"real_792","prediction_329","1.0"
"real_2879","prediction_9639","0.9"
"real_1655","prediction_9938","0.9"
"real_2084","prediction_1726","0.9"
"real_3095","prediction_7107","0.9"
"real_2045","prediction_6637","0.9"
"real_2197","prediction_659","1.0"
"real_4353","prediction_383","0.7333333333333334"
"real_2956","prediction_1770","1.0"
"real_692","prediction_1306","1.0"
"real_694","prediction_1302","1.0"
"real_2185","prediction_9288","1.0"
"real_3842","prediction_10039","1.0"
"real_3754","prediction_9361","0.9"
"real_4355","prediction_381","1.0"
"real_2183","prediction_9289","0.7333333333333334"
"real_4191","prediction_8280","0.9"
"real_4372","prediction_8203","0.92"
"real_169","prediction_10146","0.9"
"real_2818","prediction_475","0.9"
"real_2787","prediction_1467","0.9"
"real_2786","prediction_1468","0.9"
"real_3762","prediction_6807","0.9"
"real_2180","prediction_9287","1.0"
"real_2794","prediction_1476","0.9"
"real_1848","prediction_9061","0.9"
"real_2751","prediction_1699","0.9"
"real_2780","prediction_1465","0.9"
"real_2792","prediction_1475","0.9"
"real_2936","prediction_1738","0.7333333333333334"
"real_1720","prediction_9187","0.9"
"real_3275","prediction_9851","0.9"
"real_2861","prediction_9631","0.9"
"real_4345","prediction_370","0.9"
"real_2738","prediction_9762","0.9"
"real_2723","prediction_10331","0.9"
"real_167","prediction_10139","0.9"
"real_3238","prediction_8603","0.9"
"real_4055","prediction_1259","0.9"
"real_171","prediction_10144","0.9"
"real_3419","prediction_2011","0.9"
"real_3310","prediction_1842","0.8"
"real_3233","prediction_8600","0.9"
"real_2860","prediction_9630","0.9"
"real_4053","prediction_1253","0.9"
"real_539","prediction_1548","0.9"
"real_2731","prediction_9764","0.9"
"real_2069","prediction_7854","0.9"
"real_2066","prediction_7855","0.9"
"real_2726","prediction_9757","0.9"
"real_2195","prediction_649","1.0"
"real_3777","prediction_6823","0.9"
"real_3369","prediction_1897","0.9"
"real_4352","prediction_378","0.7333333333333334"
"real_2962","prediction_1777","1.0"
"real_2052","prediction_7849","0.9"
"real_2796","prediction_1473","0.9"
"real_4373","prediction_8200","0.92"
"real_3918","prediction_1229","0.9"
"real_3835","prediction_10036","1.0"
"real_537","prediction_1541","0.9"
"real_2063","prediction_7859","0.9"
"real_4350","prediction_376","0.7333333333333334"
"real_4351","prediction_375","0.7333333333333334"
"real_4380","prediction_8202","0.92"
"real_2065","prediction_7858","0.9"
"real_776","prediction_7886","0.9"
"real_4178","prediction_8484","0.9"
"real_2793","prediction_1464","0.9"
"real_4363","prediction_8206","0.92"
"real_494","prediction_1356","1.0"
"real_3466","prediction_3003","0.9"
"real_366","prediction_10107","0.9"
"real_873","prediction_9947","0.9"
"real_2011","prediction_8174","0.9"
"real_3942","prediction_1202","0.9"
"real_2732","prediction_9753","0.9"
"real_4368","prediction_8204","0.92"
"real_2864","prediction_9626","0.9"
"real_2745","prediction_9745","0.9"
"real_2897","prediction_9416","0.9"
"real_4054","prediction_1245","0.9"
"real_499","prediction_1353","1.0"
"real_2893","prediction_9418","0.9"
"real_3724","prediction_7140","0.9"
"real_1963","prediction_6664","0.8"
"real_2725","prediction_9761","0.9"
"real_2789","prediction_1474","0.9"
"real_3758","prediction_6828","0.8"
"real_498","prediction_1359","1.0"
"real_3752","prediction_4674","0.9"
"real_2733","prediction_9752","0.9"
"real_2589","prediction_4614","0.9"
"real_1722","prediction_7601","0.9"
"real_1297","prediction_1126","0.9"
"real_698","prediction_1329","1.0"
"real_529","prediction_1546","0.9"
"real_2866","prediction_9623","0.9"
"real_2778","prediction_1480","0.9"
"real_4342","prediction_377","1.0"
"real_2867","prediction_9627","0.9"
"real_495","prediction_1351","0.7333333333333334"
"real_1234","prediction_181","0.9"
"real_527","prediction_1542","0.9"
"real_3549","prediction_9253","0.9"
"real_3774","prediction_6812","0.9"
"real_2062","prediction_7846","0.9"
"real_4190","prediction_8286","0.9"
"real_520","prediction_1547","0.9"
"real_4341","prediction_374","1.0"
"real_2053","prediction_7857","0.9"
"real_3760","prediction_6822","0.9"
"real_1164","prediction_5624","0.9"
"real_1062","prediction_8227","0.9"
"real_3212","prediction_9142","0.9"
"real_2630","prediction_2763","0.9"
"real_1843","prediction_6995","0.9"
"real_3916","prediction_1423","0.9"
"real_2271","prediction_780","0.9"
"real_1289","prediction_8261","0.9"
"real_1064","prediction_8229","0.9"
"real_3296","prediction_1764","0.9"
"real_3294","prediction_1765","0.9"
"real_4188","prediction_8283","0.9"
"real_4077","prediction_1255","0.9"
"real_3850","prediction_10063","1.0"
"real_1902","prediction_1394","0.9"
"real_1732","prediction_9393","0.8"
"real_2883","prediction_9415","0.9"
"real_3165","prediction_1893","0.9"
"real_2262","prediction_774","0.9"
"real_2954","prediction_1736","0.7333333333333334"
"real_3837","prediction_10053","1.0"
"real_1713","prediction_9382","1.0"
"real_2266","prediction_783","0.9"
"real_1728","prediction_9397","1.0"
"real_4356","prediction_8201","0.92"
"real_3838","prediction_10050","1.0"
"real_951","prediction_2017","0.9"
"real_184","prediction_10138","0.9"
"real_4078","prediction_1252","0.9"
"real_2261","prediction_779","0.9"
"real_4124","prediction_8405","0.9"
"real_3072","prediction_7115","0.9"
"real_3773","prediction_6803","0.9"
"real_852","prediction_9265","0.9"
"real_1066","prediction_8224","0.9"
"real_517","prediction_1540","0.9"
"real_1076","prediction_8234","0.9"
"real_4386","prediction_9884","0.9"
"real_1063","prediction_8223","0.9"
"real_3081","prediction_7128","0.9"
"real_4183","prediction_8292","0.9"
"real_3836","prediction_10056","1.0"
"real_2264","prediction_782","0.9"
"real_4174","prediction_8282","0.9"
"real_1686","prediction_442","0.9"
"real_3293","prediction_1756","0.9"
"real_2414","prediction_1570","0.9"
"real_2181","prediction_9273","0.7333333333333334"
"real_1013","prediction_6959","0.9"
"real_2182","prediction_9274","0.7333333333333334"
"real_1619","prediction_9965","1.0"
"real_3078","prediction_7116","0.9"
"real_1055","prediction_8228","0.9"
"real_185","prediction_10136","0.9"
"real_2507","prediction_1434","0.9"
"real_3541","prediction_408","1.0"
"real_4067","prediction_1254","0.9"
"real_2949","prediction_1737","1.0"
"real_3840","prediction_10043","1.0"
"real_175","prediction_10148","0.9"
"real_4072","prediction_1247","0.9"
"real_4062","prediction_1256","0.9"
"real_3290","prediction_1759","0.9"
"real_2365","prediction_2210","1.0"
"real_509","prediction_2759","0.9"
"real_2366","prediction_2211","1.0"
"real_1736","prediction_9396","1.0"
"real_4061","prediction_1251","0.9"
"real_3071","prediction_4602","0.9"
"real_2944","prediction_1740","0.9"
"real_2380","prediction_2181","1.0"
"real_2947","prediction_1744","1.0"
"real_3834","prediction_10040","0.7333333333333334"
"real_2438","prediction_2103","0.8"
"real_3839","prediction_10048","1.0"
"real_2385","prediction_2188","1.0"
"real_2383","prediction_2186","1.0"
"real_1180","prediction_2461","0.8166666666666667"
"real_2960","prediction_1766","1.0"
"real_1114","prediction_1427","0.9"
"real_1165","prediction_5600","0.9"
"real_3897","prediction_1373","0.8166666666666667"
"real_3080","prediction_7101","0.9"
"real_2647","prediction_2796","0.9"
"real_2361","prediction_2201","1.0"
"real_3297","prediction_1746","0.9"
"real_2645","prediction_2799","0.9"
"real_2363","prediction_2204","1.0"
"real_2637","prediction_2789","0.9"
"real_1299","prediction_1153","0.9"
"real_572","prediction_8326","0.9"
"real_177","prediction_10157","0.9"
"real_179","prediction_10155","0.9"
"real_3852","prediction_10041","1.0"
"real_4064","prediction_1268","0.9"
"real_2795","prediction_1435","0.9"
"real_3891","prediction_1376","0.9"
"real_2175","prediction_9276","0.7"
"real_788","prediction_305","0.9"
"real_2257","prediction_2090","0.9"
"real_400","prediction_9944","0.7333333333333334"
"real_3277","prediction_1762","0.9"
"real_2253","prediction_2084","0.9"
"real_2955","prediction_1769","1.0"
"real_1907","prediction_1379","0.8166666666666667"
"real_2049","prediction_7838","0.9"
"real_1881","prediction_1404","0.9"
"real_2276","prediction_773","0.9"
"real_406","prediction_9946","0.9"
"real_2265","prediction_766","0.9"
"real_790","prediction_318","1.0"
"real_2263","prediction_763","0.9"
"real_1061","prediction_8240","0.9"
"real_1057","prediction_8235","0.9"
"real_2177","prediction_9281","1.0"
"real_2259","prediction_2088","0.9"
"real_1051","prediction_8230","0.9"
"real_1734","prediction_9389","1.0"
"real_3845","prediction_10047","0.7"
"real_3180","prediction_9671","0.9"
"real_2952","prediction_1767","1.0"
"real_3898","prediction_1378","0.9"
"real_3849","prediction_10045","1.0"
"real_3065","prediction_279","0.9"
"real_2633","prediction_2797","0.9"
"real_1073","prediction_8226","0.9"
"real_1079","prediction_5702","0.8166666666666667"
"real_2250","prediction_2089","0.9"
"real_4070","prediction_1267","0.9"
"real_743","prediction_8645","1.0"
"real_3208","prediction_9127","0.9"
"real_3069","prediction_7108","0.9"
"real_959","prediction_6880","0.9"
"real_3274","prediction_1757","0.9"
"real_3904","prediction_1209","0.9"
"real_2165","prediction_9271","1.0"
"real_957","prediction_6882","0.9"
"real_1733","prediction_9388","1.0"
"real_2277","prediction_768","0.9"
"real_2880","prediction_9649","0.9"
"real_1886","prediction_1401","0.9"
"real_2685","prediction_1183","0.9"
"real_2273","prediction_772","0.9"
"real_1731","prediction_9392","1.0"
"real_4073","prediction_1262","0.9"
"real_2167","prediction_9282","1.0"
"real_2994","prediction_7119","0.9"
"real_1723","prediction_9384","1.0"
"real_4071","prediction_1266","0.9"
"real_1059","prediction_8244","0.9"
"real_1068","prediction_8231","0.9"
"real_3848","prediction_10054","1.0"
"real_180","prediction_10166","0.9"
"real_1724","prediction_9381","1.0"
"real_2243","prediction_2080","0.9"
"real_3265","prediction_9810","0.9"
"real_1715","prediction_9395","0.7333333333333334"
"real_1897","prediction_1402","0.9"
"real_737","prediction_9111","0.9"
"real_2279","prediction_761","0.9"
"real_2278","prediction_764","0.9"
"real_2267","prediction_770","0.9"
"real_3856","prediction_10046","0.7333333333333334"
"real_2019","prediction_9158","0.9"
"real_1065","prediction_8232","0.9"
"real_2634","prediction_2792","0.9"
"real_1943","prediction_771","0.9"
"real_4162","prediction_8281","0.9"
"real_2937","prediction_1775","1.0"
"real_3531","prediction_425","1.0"
"real_1795","prediction_9153","1.0"
"real_2394","prediction_1883","0.7333333333333334"
"real_279","prediction_373","0.9"
"real_4075","prediction_1216","0.9"
"real_2970","prediction_8818","0.9"
"real_3539","prediction_421","1.0"
"real_2294","prediction_580","0.9"
"real_2395","prediction_1884","1.0"
"real_3527","prediction_410","1.0"
"real_1700","prediction_9826","1.0"
"real_2966","prediction_8808","0.9"
"real_2381","prediction_1878","0.9"
"real_3509","prediction_7376","0.9"
"real_1356","prediction_8371","0.9"
"real_883","prediction_10093","0.9"
"real_3901","prediction_1272","0.9"
"real_4074","prediction_10365","0.9"
"real_3530","prediction_422","1.0"
"real_2975","prediction_8820","0.8166666666666667"
"real_4303","prediction_9047","0.9"
"real_2079","prediction_3225","0.9"
"real_1797","prediction_6639","0.9"
"real_2969","prediction_8811","0.9"
"real_3620","prediction_5920","0.9"
"real_2972","prediction_8822","0.9"
"real_3529","prediction_416","0.9"
"real_1398","prediction_9107","0.9"
"real_2249","prediction_2098","0.9"
"real_3533","prediction_423","1.0"
"real_2974","prediction_8825","0.9"
"real_3843","prediction_9875","0.9"
"real_902","prediction_9666","0.9"
"real_3524","prediction_429","1.0"
"real_3537","prediction_417","1.0"
"real_3538","prediction_415","0.76"
"real_3536","prediction_413","1.0"
"real_3398","prediction_9298","0.9"
"real_3523","prediction_427","1.0"
"real_3528","prediction_424","1.0"
"real_4204","prediction_1249","0.9"
"real_2978","prediction_8809","0.9"
"real_2852","prediction_9438","0.9"
"real_4006","prediction_8154","0.9"
"real_2977","prediction_8817","0.9"
"real_4323","prediction_6069","0.9"
"real_1150","prediction_7571","0.9"
"real_1349","prediction_9577","0.9"
"real_3895","prediction_1367","0.9"
"real_1666","prediction_646","0.9"
"real_3010","prediction_9157","0.9"
"real_1144","prediction_1436","0.9"
"real_1640","prediction_8915","0.9"
"real_3543","prediction_414","1.0"
"real_2920","prediction_9378","0.9"
"real_2135","prediction_7758","0.9"
"real_1609","prediction_9963","0.7333333333333334"
"real_4090","prediction_9523","1.0"
"real_3544","prediction_419","1.0"
"real_1332","prediction_9581","0.9"
"real_2921","prediction_9372","0.9"
"real_2855","prediction_9444","0.9"
"real_2495","prediction_9656","0.9"
"real_2397","prediction_1868","0.7333333333333334"
"real_2396","prediction_1867","1.0"
"real_1370","prediction_3474","0.9"
"real_4127","prediction_8290","0.9"
"real_2856","prediction_9447","0.9"
"real_1520","prediction_1077","0.9"
"real_2853","prediction_9448","0.9"
"real_2746","prediction_1240","0.9"
"real_2005","prediction_8604","0.9"
"real_2915","prediction_9373","0.9"
"real_3851","prediction_7445","0.9"
"real_4299","prediction_9504","0.9"
"real_1192","prediction_9540","0.9"
"real_4296","prediction_9503","0.9"
"real_1617","prediction_9962","1.0"
"real_775","prediction_3230","0.9"
"real_219","prediction_9690","0.9"
"real_1978","prediction_10419","0.9"
"real_1354","prediction_8347","0.9"
"real_1605","prediction_9960","1.0"
"real_4266","prediction_1298","0.9"
"real_2393","prediction_1873","0.7"
"real_4091","prediction_9514","1.0"
"real_3913","prediction_3210","0.9"
"real_4099","prediction_9512","0.7333333333333334"
"real_434","prediction_9452","0.9166666666666666"
"real_2889","prediction_9422","0.9"
"real_2387","prediction_1880","1.0"
"real_4094","prediction_9519","0.7"
"real_1278","prediction_7477","0.9"
"real_315","prediction_1275","0.9"
"real_1628","prediction_8914","0.9"
"real_2918","prediction_9383","0.9"
"real_3417","prediction_553","0.9"
"real_2850","prediction_9450","0.9"
"real_2964","prediction_8802","0.9"
"real_4057","prediction_1428","0.9"
"real_4404","prediction_6859","0.9"
"real_1424","prediction_2197","0.7"
"real_1614","prediction_9954","1.0"
"real_708","prediction_10417","1.0"
"real_3584","prediction_8985","0.9"
"real_2891","prediction_9428","0.9"
"real_1368","prediction_8345","0.9"
"real_407","prediction_9259","0.9"
"real_3141","prediction_7946","0.9"
"real_1211","prediction_9488","1.0"
"real_4098","prediction_9507","1.0"
"real_4311","prediction_8910","0.9"
"real_823","prediction_678","0.9"
"real_4362","prediction_8216","0.92"
"real_3694","prediction_1730","0.9"
"real_726","prediction_304","0.9"
"real_371","prediction_9579","0.9"
"real_4316","prediction_8911","0.9"
"real_158","prediction_10372","0.9400000000000001"
"real_436","prediction_9468","0.7"
"real_3638","prediction_8676","0.9"
"real_3651","prediction_590","1.0"
"real_1929","prediction_581","0.9"
"real_271","prediction_9651","0.9"
"real_2894","prediction_9429","0.9"
"real_2896","prediction_9424","0.9"
"real_3972","prediction_1227","0.9"
"real_3368","prediction_1831","0.9"
"real_2293","prediction_548","0.9"
"real_3558","prediction_9980","0.9"
"real_1636","prediction_8935","0.9"
"real_2895","prediction_9420","0.9"
"real_2892","prediction_9421","0.9"
"real_1207","prediction_9484","1.0"
"real_1206","prediction_9485","1.0"
"real_3666","prediction_592","1.0"
"real_1306","prediction_1099","0.9"
"real_1859","prediction_8981","0.9"
"real_3650","prediction_583","1.0"
"real_3025","prediction_8187","0.9"
"real_1502","prediction_516","0.9"
"real_2145","prediction_9978","0.9"
"real_4366","prediction_8212","0.92"
"real_441","prediction_9460","0.7333333333333334"
"real_4306","prediction_8902","0.9"
"real_3652","prediction_589","0.9"
"real_435","prediction_9471","1.0"
"real_4260","prediction_1277","0.9"
"real_1362","prediction_8353","0.9"
"real_4088","prediction_9509","0.9"
"real_459","prediction_9498","0.9"
"real_4371","prediction_8225","0.92"
"real_4308","prediction_8908","0.9"
"real_4089","prediction_9506","1.0"
"real_4310","prediction_8903","0.9"
"real_2373","prediction_7548","0.9"
"real_3366","prediction_1818","0.9"
"real_3617","prediction_8663","0.9"
"real_3634","prediction_8681","0.9"
"real_2953","prediction_1062","0.9"
"real_2741","prediction_9108","0.9"
"real_3659","prediction_591","1.0"
"real_3656","prediction_595","0.9"
"real_4084","prediction_9501","1.0"
"real_4082","prediction_9508","1.0"
"real_3654","prediction_598","1.0"
"real_442","prediction_9475","0.7333333333333334"
"real_4369","prediction_9698","0.9"
"real_1606","prediction_9949","1.0"
"real_1602","prediction_9945","1.0"
"real_1638","prediction_8927","0.9"
"real_222","prediction_9693","0.9"
"real_443","prediction_9478","0.7333333333333334"
"real_3621","prediction_8659","0.9"
"real_1205","prediction_9496","1.0"
"real_4406","prediction_6656","0.9"
"real_3134","prediction_8045","0.9"
"real_3223","prediction_8805","0.7"
"real_4377","prediction_8210","0.92"
"real_3195","prediction_9234","0.9"
"real_4365","prediction_8220","0.92"
"real_445","prediction_9473","1.0"
"real_444","prediction_9474","0.7333333333333334"
"real_949","prediction_9841","0.9"
"real_1631","prediction_8922","0.9"
"real_394","prediction_294","0.9"
"real_224","prediction_9696","0.9"
"real_4360","prediction_8222","0.92"
"real_4051","prediction_1217","0.9"
"real_3388","prediction_1822","0.9"
"real_4052","prediction_1215","0.9"
"real_3618","prediction_8672","0.9"
"real_2044","prediction_5491","0.9"
"real_4040","prediction_9515","0.9"
"real_343","prediction_953","0.9"
"real_2072","prediction_7861","0.9"
"real_3394","prediction_9268","0.9"
"real_1794","prediction_9137","1.0"
"real_1711","prediction_9812","1.0"
"real_1203","prediction_9491","1.0"
"real_2070","prediction_7866","0.9"
"real_4383","prediction_7299","0.9"
"real_3037","prediction_6862","0.9"
"real_2251","prediction_1545","0.9"
"real_1195","prediction_9502","0.7333333333333334"
"real_3640","prediction_8665","0.9"
"real_3831","prediction_2301","0.9"
"real_3106","prediction_6799","0.9"
"real_1550","prediction_1067","0.9"
"real_1647","prediction_8921","0.9"
"real_3151","prediction_7928","0.9"
"real_3678","prediction_582","0.9"
"real_2299","prediction_579","0.9"
"real_1693","prediction_9257","0.9"
"real_2514","prediction_10163","0.9"
"real_2885","prediction_9477","0.9"
"real_3383","prediction_1830","0.9"
"real_3029","prediction_8167","0.9"
"real_1656","prediction_8937","0.9"
"real_1645","prediction_8924","0.9"
"real_1384","prediction_8348","0.9"
"real_4056","prediction_1219","0.9"
"real_4407","prediction_6646","0.9"
"real_3040","prediction_6860","0.7"
"real_1653","prediction_8938","0.9"
"real_1375","prediction_8367","0.9"
"real_3389","prediction_1819","0.9"
"real_3387","prediction_1817","0.9"
"real_1001","prediction_7006","0.9"
"real_1005","prediction_7001","0.9"
"real_3378","prediction_1829","0.9"
"real_4186","prediction_7222","0.9"
"real_1790","prediction_9146","1.0"
"real_1793","prediction_9149","0.7333333333333334"
"real_1365","prediction_8370","0.9"
"real_2352","prediction_1696","0.8"
"real_2190","prediction_671","1.0"
"real_1704","prediction_9811","1.0"
"real_242","prediction_9694","0.9"
"real_1633","prediction_8941","0.9"
"real_3377","prediction_1833","0.9"
"real_1630","prediction_8940","0.9"
"real_3390","prediction_1806","0.9"
"real_1696","prediction_9244","0.9"
"real_3147","prediction_8058","0.9"
"real_4401","prediction_6633","0.9"
"real_1695","prediction_3351","0.9"
"real_2204","prediction_398","0.9"
"real_3635","prediction_8667","0.9"
"real_2454","prediction_1330","0.9"
"real_751","prediction_2077","0.9"
"real_322","prediction_8140","0.9"
"real_3380","prediction_1815","0.9"
"real_349","prediction_10174","0.9"
