prediction_9701,158023,TRUE
prediction_10100,20801,TRUE
prediction_2758,190871,TRUE
prediction_2799,164240,TRUE
prediction_9933,138110,TRUE
prediction_9629,177003,TRUE
prediction_9640,201535,TRUE
prediction_2131,205632,TRUE
prediction_9647,198950,TRUE
prediction_476,206652,TRUE
prediction_9450,198141,TRUE
prediction_9723,192448,TRUE
prediction_625,193080,TRUE
prediction_9639,155862,TRUE
prediction_9649,192119,TRUE
prediction_9609,172522,TRUE
prediction_579,231677,TRUE
prediction_615,191202,TRUE
prediction_613,195864,TRUE
prediction_609,237238,TRUE
prediction_638,221660,TRUE
prediction_9716,220440,TRUE
prediction_9721,228702,TRUE
prediction_9712,245388,TRUE
prediction_9718,205600,TRUE
prediction_9711,199564,TRUE
prediction_580,207494,TRUE
prediction_10095,211110,TRUE
prediction_2804,1179,TRUE
prediction_9290,193747,TRUE
prediction_1486,189596,TRUE
prediction_1444,192318,TRUE
prediction_10187,192387,TRUE
prediction_676,240740,TRUE
prediction_583,202126,TRUE
prediction_9581,194765,TRUE
prediction_1544,198710,TRUE
prediction_9575,165153,TRUE
prediction_9636,180334,TRUE
prediction_9648,207471,TRUE
prediction_9741,189805,TRUE
prediction_2094,239363,TRUE
prediction_9697,176580,TRUE
prediction_9705,181872,TRUE
prediction_10087,231478,TRUE
prediction_10131,198176,TRUE
prediction_626,188567,TRUE
prediction_675,180403,TRUE
prediction_9545,193290,TRUE
prediction_2154,202556,TRUE
prediction_1074,211061,TRUE
prediction_8882,241538,TRUE
prediction_9733,241854,TRUE
prediction_1920,243985,TRUE
prediction_9941,207645,TRUE
prediction_1457,229237,TRUE
prediction_3230,199904,TRUE
prediction_6653,212120,TRUE
prediction_5397,215598,TRUE
prediction_10025,233411,TRUE
prediction_1393,237629,TRUE
prediction_2760,210008,TRUE
prediction_10106,206058,TRUE
prediction_8236,224715,TRUE
prediction_10208,165109,TRUE
prediction_9285,236331,TRUE
prediction_2156,163705,TRUE
prediction_9764,190778,TRUE
prediction_10022,222077,TRUE
prediction_8160,233791,TRUE
prediction_1936,211327,TRUE
prediction_1202,222844,TRUE
prediction_8869,211176,TRUE
prediction_1462,207791,TRUE
prediction_9373,170941,TRUE
prediction_777,202973,FALSE
prediction_5871,238058,FALSE
prediction_5867,245476,FALSE
prediction_5835,243979,FALSE
prediction_275,244002,FALSE
prediction_262,245559,FALSE
prediction_252,177644,FALSE
prediction_6419,235374,FALSE
prediction_6411,235212,FALSE
prediction_6397,221342,FALSE
prediction_9180,213732,FALSE
prediction_9178,198513,FALSE
prediction_9175,140384,FALSE
prediction_9165,201118,FALSE
prediction_2149,186589,FALSE
prediction_2129,193983,FALSE
prediction_2157,205402,FALSE
prediction_2164,228729,FALSE
prediction_7024,230339,FALSE
prediction_7027,230353,FALSE
prediction_7036,201967,FALSE
prediction_7648,186331,FALSE
prediction_7658,239953,FALSE
prediction_7662,237640,FALSE
prediction_7697,214094,FALSE
prediction_7707,242619,FALSE
prediction_9977,232929,FALSE
prediction_9989,236668,FALSE
prediction_10389,229843,FALSE
prediction_1019,232955,FALSE
prediction_1011,214571,FALSE
prediction_1005,224526,FALSE
prediction_978,245800,FALSE
prediction_982,225436,FALSE
prediction_986,243810,FALSE
prediction_1152,238733,FALSE
prediction_2033,245356,FALSE
prediction_2688,228369,FALSE
prediction_2829,244326,FALSE
prediction_3159,241327,FALSE
prediction_4499,242699,FALSE
prediction_8083,241246,FALSE
prediction_1102,246268,FALSE
prediction_3366,223929,FALSE
prediction_5681,236998,FALSE
prediction_1000,191209,FALSE
prediction_4200,215314,FALSE
prediction_8690,190747,FALSE
prediction_8719,227903,FALSE
prediction_715,214937,FALSE
prediction_9379,198335,FALSE
prediction_9406,241856,FALSE
prediction_9447,228804,FALSE
prediction_897,224967,FALSE
prediction_930,226515,FALSE
prediction_838,231128,FALSE
prediction_8493,233977,FALSE
prediction_8515,209407,FALSE
prediction_8628,233986,FALSE
prediction_8669,199195,FALSE
prediction_8739,212516,FALSE
prediction_8983,219451,FALSE
prediction_9043,227647,FALSE
prediction_9070,161857,FALSE
prediction_9179,243780,FALSE
prediction_9296,194122,FALSE
prediction_9936,220509,FALSE
prediction_9966,198034,FALSE
prediction_10147,242069,FALSE
prediction_10216,148634,FALSE
prediction_2578,243867,FALSE
prediction_2570,192163,FALSE
prediction_646,231342,FALSE
prediction_545,202467,FALSE
prediction_527,244992,FALSE
prediction_2212,183898,TRUE
prediction_2763,202166,TRUE
prediction_9623,173731,TRUE
prediction_1316,232432,TRUE
prediction_9624,220834,TRUE
prediction_671,212831,TRUE
prediction_663,231281,TRUE
prediction_783,210257,TRUE
prediction_8664,246309,TRUE
prediction_1440,233049,TRUE
prediction_631,225782,TRUE
prediction_9732,211263,TRUE
prediction_10108,210514,TRUE
prediction_767,192985,TRUE
prediction_762,153079,TRUE
prediction_1091,242818,TRUE
prediction_10006,229582,TRUE
prediction_1778,210828,TRUE
prediction_8687,223061,TRUE
prediction_1295,210324,TRUE
prediction_4519,236548,TRUE
prediction_292,182761,TRUE
prediction_9789,188334,TRUE
prediction_9564,207624,TRUE
prediction_8228,213486,TRUE
prediction_7093,230021,TRUE
prediction_1799,243907,TRUE
prediction_1335,206553,TRUE
prediction_9134,192358,TRUE
prediction_1415,246074,TRUE
prediction_1531,138956,FALSE
prediction_1749,178603,FALSE
prediction_7583,193041,FALSE
prediction_5247,172871,FALSE
prediction_7189,171877,FALSE
prediction_835,223848,FALSE
prediction_1399,242348,FALSE
prediction_1609,208330,FALSE
prediction_1898,157270,FALSE
prediction_4140,240131,FALSE
prediction_4290,136553,FALSE
prediction_6757,193427,FALSE
prediction_6074,227329,FALSE
prediction_5168,236995,FALSE
prediction_2224,222179,FALSE
prediction_1412,229956,FALSE
prediction_9853,203426,FALSE
prediction_9857,240035,FALSE
prediction_9870,222889,FALSE
prediction_9875,214701,FALSE
prediction_9903,222129,FALSE
prediction_9956,235655,FALSE
prediction_10011,244115,FALSE
prediction_10072,241402,FALSE
prediction_10107,242197,FALSE
prediction_10121,238334,FALSE
prediction_10307,200672,FALSE
prediction_1557,238041,FALSE
prediction_1569,157304,FALSE
prediction_1597,227950,FALSE
