real_1344,prediction_9701,TRUE
real_1941,prediction_10100,TRUE
real_2641,prediction_2758,TRUE
real_2645,prediction_2799,TRUE
real_2652,prediction_9933,TRUE
real_2872,prediction_9629,TRUE
real_2877,prediction_9640,TRUE
real_3427,prediction_2131,TRUE
real_2642,prediction_9647,TRUE
real_2644,prediction_476,TRUE
real_2850,prediction_9450,TRUE
real_1346,prediction_9723,TRUE
real_2289,prediction_625,TRUE
real_2879,prediction_9639,TRUE
real_2880,prediction_9649,TRUE
real_2881,prediction_9634,TRUE
real_2299,prediction_579,TRUE
real_2301,prediction_615,TRUE
real_2302,prediction_613,TRUE
real_2304,prediction_609,TRUE
real_2307,prediction_638,TRUE
real_1337,prediction_9716,TRUE
real_1338,prediction_9721,TRUE
real_1341,prediction_9712,TRUE
real_1351,prediction_9718,TRUE
real_1352,prediction_9711,TRUE
real_2294,prediction_580,TRUE
real_1959,prediction_10095,TRUE
real_1947,prediction_2804,TRUE
real_457,prediction_9290,TRUE
real_540,prediction_1486,TRUE
real_652,prediction_1443,TRUE
real_2077,prediction_10187,TRUE
real_977,prediction_676,TRUE
real_2269,prediction_769,TRUE
real_1332,prediction_9581,TRUE
real_2868,prediction_1544,TRUE
real_2869,prediction_9575,TRUE
real_2873,prediction_9636,TRUE
real_3422,prediction_9648,TRUE
real_3428,prediction_9741,TRUE
real_958,prediction_2094,TRUE
real_1345,prediction_9697,TRUE
real_1334,prediction_9705,TRUE
real_1920,prediction_10087,TRUE
real_1932,prediction_10131,TRUE
real_314,prediction_626,TRUE
real_998,prediction_675,TRUE
real_906,prediction_9545,TRUE
real_2339,prediction_2148,TRUE
real_134,prediction_1074,TRUE
real_209,prediction_8882,TRUE
real_236,prediction_9733,TRUE
real_283,prediction_1920,TRUE
real_410,prediction_9941,TRUE
real_660,prediction_1457,TRUE
real_775,prediction_3230,TRUE
real_1372,prediction_6653,TRUE
real_1381,prediction_5397,TRUE
real_1821,prediction_10025,TRUE
real_1876,prediction_1393,TRUE
real_1937,prediction_2760,TRUE
real_1955,prediction_10106,TRUE
real_2064,prediction_8236,TRUE
real_2101,prediction_10208,TRUE
real_2169,prediction_9285,TRUE
real_2354,prediction_2156,TRUE
real_2731,prediction_9764,TRUE
real_3266,prediction_10022,TRUE
real_3593,prediction_8160,TRUE
real_3880,prediction_1936,TRUE
real_3942,prediction_1202,TRUE
real_2096,prediction_8869,TRUE
real_2805,prediction_1462,TRUE
real_2915,prediction_9373,TRUE
real_2259,prediction_777,FALSE
real_3440,prediction_5871,FALSE
real_3446,prediction_5867,FALSE
real_3472,prediction_5835,FALSE
real_3479,prediction_275,FALSE
real_3556,prediction_262,FALSE
real_1031,prediction_252,FALSE
real_1064,prediction_6419,FALSE
real_1666,prediction_6411,FALSE
real_1682,prediction_6397,FALSE
real_1698,prediction_9180,FALSE
real_2342,prediction_9178,FALSE
real_2824,prediction_9175,FALSE
real_2836,prediction_9165,FALSE
real_2902,prediction_2149,FALSE
real_3124,prediction_2129,FALSE
real_2504,prediction_2157,FALSE
real_2503,prediction_2164,FALSE
real_2526,prediction_7024,FALSE
real_588,prediction_7027,FALSE
real_594,prediction_7036,FALSE
real_601,prediction_7648,FALSE
real_632,prediction_7658,FALSE
real_2138,prediction_7662,FALSE
real_2146,prediction_7697,FALSE
real_2168,prediction_7707,FALSE
real_2230,prediction_9977,FALSE
real_2298,prediction_9989,FALSE
real_2303,prediction_10389,FALSE
real_2317,prediction_1019,FALSE
real_2338,prediction_1011,FALSE
real_2349,prediction_1005,FALSE
real_2386,prediction_978,FALSE
real_2397,prediction_982,FALSE
real_2456,prediction_986,FALSE
real_2529,prediction_1152,FALSE
real_2677,prediction_2033,FALSE
real_2724,prediction_2688,FALSE
real_100,prediction_2829,FALSE
real_271,prediction_3159,FALSE
real_297,prediction_4499,FALSE
real_303,prediction_8083,FALSE
real_313,prediction_1102,FALSE
real_333,prediction_3366,FALSE
real_367,prediction_5681,FALSE
real_851,prediction_1000,FALSE
real_864,prediction_4200,FALSE
real_917,prediction_8690,FALSE
real_995,prediction_8719,FALSE
real_1006,prediction_715,FALSE
real_2081,prediction_9379,FALSE
real_2098,prediction_9406,FALSE
real_2506,prediction_9447,FALSE
real_2581,prediction_897,FALSE
real_3087,prediction_930,FALSE
real_3379,prediction_838,FALSE
real_3787,prediction_8493,FALSE
real_4049,prediction_8515,FALSE
real_873,prediction_8628,FALSE
real_848,prediction_8669,FALSE
real_532,prediction_8739,FALSE
real_481,prediction_8983,FALSE
real_1136,prediction_9043,FALSE
real_1306,prediction_9070,FALSE
real_1467,prediction_9179,FALSE
real_1825,prediction_9296,FALSE
real_2450,prediction_9936,FALSE
real_3331,prediction_9966,FALSE
real_3565,prediction_10147,FALSE
real_3613,prediction_10216,FALSE
real_3789,prediction_2578,FALSE
real_4051,prediction_2570,FALSE
real_4113,prediction_646,FALSE
real_4358,prediction_545,FALSE
real_4382,prediction_527,FALSE
real_2623,prediction_2212,TRUE
real_2630,prediction_2763,TRUE
real_2866,prediction_9623,TRUE
real_2871,prediction_1316,TRUE
real_2874,prediction_9624,TRUE
real_2190,prediction_671,TRUE
real_2207,prediction_663,TRUE
real_2266,prediction_783,TRUE
real_3632,prediction_8664,TRUE
real_653,prediction_1440,TRUE
real_295,prediction_631,TRUE
real_280,prediction_9732,TRUE
real_2270,prediction_10108,TRUE
real_2272,prediction_767,TRUE
real_2282,prediction_762,TRUE
real_140,prediction_1091,TRUE
real_360,prediction_10006,TRUE
real_375,prediction_1778,TRUE
real_575,prediction_8687,TRUE
real_682,prediction_1295,TRUE
real_774,prediction_4519,TRUE
real_815,prediction_292,TRUE
real_871,prediction_9789,TRUE
real_903,prediction_9564,TRUE
real_1055,prediction_8228,TRUE
real_928,prediction_7093,TRUE
real_1109,prediction_1791,TRUE
real_1187,prediction_1335,TRUE
real_1409,prediction_9134,TRUE
real_1491,prediction_1409,TRUE
real_3145,prediction_1531,FALSE
real_3506,prediction_1749,FALSE
real_3515,prediction_7583,FALSE
real_3538,prediction_5247,FALSE
real_3548,prediction_7189,FALSE
real_4000,prediction_835,FALSE
real_4294,prediction_1399,FALSE
real_4299,prediction_1609,FALSE
real_4407,prediction_1898,FALSE
real_4384,prediction_4140,FALSE
real_3449,prediction_4290,FALSE
real_3443,prediction_6757,FALSE
real_3243,prediction_6074,FALSE
real_3240,prediction_5168,FALSE
real_3197,prediction_2224,FALSE
real_1486,prediction_1412,FALSE
real_1508,prediction_9853,FALSE
real_1569,prediction_9857,FALSE
real_1609,prediction_9870,FALSE
real_1703,prediction_9875,FALSE
real_1788,prediction_9903,FALSE
real_1870,prediction_9956,FALSE
real_2070,prediction_10011,FALSE
real_2204,prediction_10072,FALSE
real_2347,prediction_10107,FALSE
real_2429,prediction_10121,FALSE
real_1013,prediction_10307,FALSE
real_1111,prediction_1557,FALSE
real_1196,prediction_1569,FALSE
real_1384,prediction_1597,FALSE
